1,vt.正式放弃；让位 vi.退位；辞职,1
2,adj.着火的；闪耀的；激昂的,2
3,vt.诱拐；绑走,3
4,adj.羞愧的；局促不安的 动词abash的过去式和过去分词.,4
5,vt.憎恶；厌恶；痛恨,5
6,v.缓和；减弱；消除,6
7,adj.令人憎恶的,7
8,vt.废除；革除；消灭,8
9,v.遵守；忍受；坚持,9
10,adj.反常的；不正常的；变态的 n.不正常的人,10
11,adj.失败的；流产的；发育不全的,11
12,adj.原始的；土著的n.土著居民；土生生物,12
13,v.删节；缩短；限制,13
14,n.能力；才能,14
15,vt.宣告...无罪；赦免,15
16,adj.吸引人的；非常有趣的 动词absorb的现在分词.,16
17,v.戒绝；弃权；节制,17
18,n.节制；禁食；戒酒,18
19,adj.绝对的；确实的；专制的；完全的；独立的；无限制的 n.绝对的事物,19
20,n.抽象；抽象概念；心不在焉,20
21,adj.深奥的,21
22,adj.荒唐的；可笑的；不合理的 n.荒唐,22
23,adj.丰富的；充裕的,23
24,vt.吸收；吸引 ... 的注意；吞并；承受,24
25,adj.学院的；学术的；理论的 n.大学教师，大学生；学者，学究,25
26,v.加速；提前；跳级,26
27,adj.抽象的；理论的；抽象派的 n.摘要；抽象派艺术作品 v.(/?b?str?kt/)把…抽象出；提取；抽取；转移(注意力等)；做…的摘要；<婉>偷,27
28,v.重读；强调；突出,28
29,adj. 意外的； 偶然的； 附属的 n. 偶然； 不重要的东西； <音>变调的临时符号,29
30,n.喝采；欢呼；赞同 v.欢呼；喝采；称赞,30
31,vt.供给住宿；使适应；容纳；提供；顾及；调解 vi.适应；调节,31
32,vt.陪伴；伴随...发生；补充；给 ... 伴奏 vi.伴奏,32
33,n.滥用；恶习 vt.滥用；辱骂；虐待,33
34,adj.完成的；有成就的；娴熟的；有造诣的；有教养的 动词accomplish的过去式和过去分词.,34
35,n.共犯；同谋；帮凶,35
36,n.入口；通道 n.接近(的机会)；使用之权 vt.进入；(电脑)存取,36
37,v.搭话；搭讪,37
38,vt.归于；认为；授权；委派；鉴定合格,38
39,v.积累；增加；聚集,39
40,adj.准确的；精确的,40
41,n.控告；指控；非难,41
42,v.谴责；控告；指责,42
43,vt.使习惯,43
44,n.酸；酸性物质；<俚>迷幻药 adj.酸的；酸性的；尖酸的,44
45,vt.获得；学到；取得,45
46,adj.想获得的；贪得无厌的；可学得的,46
47,v.宣布无罪；开释；原谅；表现,47
48,adj.苦味的；辛辣的；尖刻的,48
49,adj.尖刻的；激烈的；刻薄的；辛辣的,49
50,n.(语言；态度等)刻薄；辛辣,50
51,n.账户；帐目；赊账；老主顾；报告；描述；解释；说明；估计；理由；利益；好处；根据 v.解释；导致；报账；把 ... 视为；归咎(于),51
52,n.演戏；演技；假装 adj.代理的；临时的；供演出用的 动词act的现在分词.,52
53,vt.承认；告知收到；公认；表示感谢；注意到,53
54,v.完成；达到；实现,54
55,adj.活跃的；积极的；起作用的；灵活的,55
56,n.敏锐；聪明,56
57,adj.实际的；事实上的,57
58,adj.严重的；敏锐的；急性的；剧烈的,58
59,n.格言；谚语；古话,59
60,n.改编；改编成的作品；适应；【心】（感官）适应，适应性变化,60
61,adj.能适应的；适应性强的；可改编的,61
62,n.行为；活动；措施；效用；交战；情节；事件；姿态；起诉；机能,62
63,vt.沉溺；使 ... 上瘾 n.耽溺者；上瘾者,63
64,vt.改编；使适应 vi.适应；适合,64
65,adj.熟练的；老练的 n.名手；专家,65
66,adj.沉溺于的；有毒瘾的,66
67,adj.足够的；适当的；能胜任的,67
68,vi.遵守；坚持；粘附,68
69,n.坚持；固守；粘附,69
70,adj.有粘性的；难忘的 n.粘着剂,70
71,adj.邻近的；毗连的；接近的,71
72,v.邻接；毗连,72
73,adj.毗邻的 动词adjoin的现在分词.,73
74,v.(使)延期；中止；换地方,74
75,v.调整；校准；调节；使适应,75
76,vt.管理；执行；给与；用(药) vi.执行管理人职责；给与帮助,76
77,n.实施；管理；行政；行政部门；任期,77
78,adj.令人钦佩的；令人赞赏的,78
79,vt.钦佩；赞美；羡慕；欣赏,79
80,vt.警告；训诫；告诫；提醒；敦促,80
81,vt.承认；允许进入；给…进入的权利；容纳 vi.承认；允许进入；允许,81
82,v.采用；收养；接受,82
83,vt.爱慕；崇拜；很喜欢,83
84,adj.熟练的；灵巧的；机敏的；善于…的,84
85,adj.不利的；逆向的；有害的,85
86,n.不幸；灾难；逆境,86
87,n.劝告；忠告；建议,87
88,adj.明智的；可取的,88
89,v.提倡；主张 n.拥护者；提倡者；律师；辩护者,89
90,adj.美学的；审美的；有美感的 n.(复数)审美观,90
91,adj.谦恭有礼的；和蔼可亲的；易于交谈的；慈祥的；殷勤的,91
92,vt.影响；感动；作用,92
93,n.前进；进展；预付金 v.前进；预付；增长；推进 adj.预先的；提前的,93
94,n.影响；感情；喜爱；慈爱,94
95,adj.充满感情的；示爱的,95
96,n.分公司；附属机构 vt.使隶属于；接纳；追溯 vi.发生联系,96
97,n.姻亲；密切关系；吸引力,97
98,vt.劝告；通知；忠告；建议 vi.提建议,98
99,vt.使苦恼；折磨,99
100,vt.证实；断言；肯定,100
101,adj.痛苦的 动词afflict的现在分词形式.,101
102,n.富裕,102
103,adj.富裕的 n.支流,103
104,v.花费得起；能够做；承担得起(后果)；提供；给予,104
105,n.年龄；时代；时期；长时间 v.（使）变老；（使）陈化,105
106,adj.年老的 动词age的过去式和过去分词形式.,106
107,n.议事日程,107
108,vt.恶化；严重,108
109,n.进攻；侵犯；侵害；侵略,109
110,adj.侵略的；进攻性的；好斗的；有进取心的,110
111,adj.惊骇的；吓呆的,111
112,adj.（动作）敏捷的；灵活的；（头脑）机灵的,112
113,n.敏捷；灵活；轻快,113
114,v.煽动；搅动；焦虑,114
115,v.(使)极度痛苦 =agonise(英).,115
116,adj.土地的；耕地的 n.平均地权论者,116
117,adj.愉快的；和蔼可亲的；欣然同意的；一致的,117
118,adj.合计的；总的 n.总计；进球总数；集料 v.（使）聚集；总计,118
119,n.目标；对准；枪法 vt.瞄准；针对 vi.瞄准；旨在；致力,119
120,n.代数学,120
121,adj.警觉的；灵敏的 vt.使意识到；警惕 n.警戒；警报,121
122,n.外侨；外国人；外星人 adj.外国的；陌生的；相异的,122
123,vt.使疏远；离间；让与；麻木,123
124,n.碱,124
125,n.忠诚；效忠,125
126,vt.断言；宣称,126
127,n.寓言；讽喻；寓意,127
128,vt.减轻；使 ... 缓和,128
129,n.联盟；联姻；结盟 Alliance ,129
130,vt.分派；分配；分配额,130
131,vt.分配；分摊；拨给,131
132,v.暗示；暗指,132
133,v.诱惑；吸引 n.诱惑力；吸引力,133
134,n.暗指；暗示,134
135,n.同盟国；同盟者；伙伴 v.（使）结盟；（使）联合,135
136,adj.单独的；独自一人的；孤单的 adv.独自地；仅仅,136
137,v.改变；更改；阉割；切除卵巢,137
138,v.交替；轮流 adj.间隔的；轮流的；交替的 n.代替者；供替代的选择,138
139,adj.两者择一的；供选择的；非主流的 n.二者择一；供替代的选择,139
140,n.利他主义；利他,140
141,n.铝 =aluminum（美）,141
142,n.男毕业生；男校友,142
143,v.合并；混合,143
144,v.积聚；收集,144
145,n.外行；业余爱好者 adj.业余(爱好者)的,145
146,adj.吃惊的；惊愕的 动词amaze的过去式和过去分词.,146
147,adj.模棱两可的；含糊不清的,147
148,adj.有雄心的；野心勃勃的；有抱负的,148
149,adj.顺从的；通情达理的；经得起检验的；对...负有义务的,149
150,vt.修正；改进,150
151,adj.和蔼的；亲切的,151
152,adj.友好的；和睦的,152
153,n.数量；总额 vi.总计；等于,153
154,adj.丰富的；宽敞的；充足的,154
155,v.扩大；详述；增强,155
156,adj.类似的,156
157,n.类比；相似；类似,157
158,n.分析；解析,158
159,n.轶事；奇闻,159
160,n.角度；角；观点 v.形成或转变角度；歪曲 v.钓鱼；谋取 Angle. n.盎格鲁人,160
161,adj.生气勃勃的；栩栩如生的；动画片的,161
162,n.苦闷；痛苦 v.（使）极苦闷；（使）极痛苦,162
163,vt.并吞；附加；获得 n.附件；附属物；附属建筑物,163
164,v.消灭；歼灭；彻底消除；使无效；废止,164
165,v.注解,165
166,vt.宣布；宣告；预示；播报 vi.作播音员；宣布竞选,166
167,v.使恼怒；使烦恼；骚扰,167
168,v.废除；消减；取消；宣告无效,168
169,adv.每年；年年,169
170,adj.反常的；不规则的,170
171,n.异常；反常；不规则,171
172,n.对抗；对立；敌对状态（行为）,172
173,adj.匿名的；无名的；没特色的,173
174,n.敌手；对手；,174
175,vt.预期；提前使用；抢 ... 前 vi.预言,175
176,adj.古代的；古老的；过时的 n.古董；古物,176
177,n.古代；古物；古迹,177
178,n.杀菌剂；防腐剂 adj.杀菌的；防腐的；极为干净整洁的；冷漠的,178
179,adj.渴望的；忧虑的,179
180,adj.缺乏感情的；缺乏兴趣的；无动于衷的；冷淡的,180
181,n.孔；孔径；光圈；缝隙,181
182,vi.道歉；赔罪,182
183,n.衣服；装具 vt.装饰；使 ... 穿衣,183
184,n.顶点；最高点；尖端,184
185,n.恳求；呼吁；上诉；吸引力 n.(体育比赛中)诉请裁决 v.呼吁；有吸引力；求助；诉请,185
186,vi.出现；出版；显得；好像；登场,186
187,vi.拍手喝彩 vt.称赞；赞成；鼓掌,187
188,n.申请人,188
189,n.应用；申请；专心；应用程序,189
190,v.任命；委派；指定；约定,190
191,vt.评价；估价；鉴定,191
192,vt.欣赏；赏识；感激；领会；意识到 vi.增值,192
193,n.理解；忧惧；逮捕；了解,193
194,v.理解；忧虑；逮捕；拘押,194
195,n.学徒；见习生 v.使当学徒,195
196,adj.适当的；相称的 vt.占用；拨出(款项),196
197,v.批准；赞成；同意；称许,197
198,adj.近似的；大约的 v.接近；约等于,198
199,adj.恰当的；聪明的；易于 ... 的 abbr.公寓（=apartment） abbr.才能；天资（=aptitude）,199
200,adj.可耕的；适合种植的 n.<英>可耕地,200
201,n.天资；资质；才能；倾向,201
202,n.仲裁人；公断者,202
203,adj.已不通用的；古老的；古代的,203
204,n.仲裁；公断,204
205,adj.热心的；激烈的；热情的,205
206,n.热情；狂热；激情；灼热 =ardour(英).,206
207,adj.费力的；辛勤的；险峻的,207
208,adj.干燥的；不毛的；枯燥的；无趣的；没有生气的,208
209,n.贵族；有贵族气派的人,209
210,n.算术；计算 adj.算术的,210
211,n.军备；武器；备战,211
212,n.浓香；香气,212
213,n.盔甲；装甲,213
214,v.叫醒；唤醒；激起；睡醒,214
215,vt.整理；安排；计划；改编(乐曲) vi.协商；计划,215
216,n.傲慢；自大,216
217,n.一系列；大批；数组；陈列，列队；盛装 vt.排列；部署；打扮,217
218,adj.傲慢的；自大的,218
219,n.文章；物品；条款；,219
220,v.上升；攀登,220
221,n.上升；上坡路；晋升；提升,221
222,vt.确定；查明；探知,222
223,adj.禁欲的 n.苦行者,223
224,n.方面；方位；外观；外貌,224
225,vt.洒圣水；诽谤,225
226,n.洒(尤指洒圣水)；诽谤；中伤,226
227,n.抱负；热望；志向；渴望 n.吸引术；抽吸；吸气；发送气音,227
228,v.热望；立志,228
229,v.使苦恼，纠缠；猛烈攻击；言语抨击,229
230,n.暗杀者；刺客 Assassin. n.暗杀基督教十字军成员的穆斯林狂热派,230
231,v.暗杀，行刺,231
232,n.攻击；突袭；抨击 vt.袭击；突袭,232
233,v.集合；收集；装配,233
234,n.集会；集合；议会；装配；与会者；聚集在一起的人；,234
235,vt.断言；主张，坚持；生效；维护,235
236,v.评定；评估；估算,236
237,n.资产；优点；有用的东西,237
238,adj.勤勉的；刻苦的,238
239,vt.分配；指定；指派；归因；确定 n.受让人,239
240,v.使同化；吸收,240
241,vt.联想；联合 n.伙伴；同事；同伴 adj.副的；共事的；有联系的 n.准学士学位获得者 vi.交往,241
242,n.协会；社团；交往；联想；联合；结合,242
243,v.缓和；减轻；镇定,243
244,n.假定；设想；担任(职责等)；假装,244
245,vt.使确信；使放心；确保,245
246,vt.帮助；协助 vi.帮助；出席 n.帮助；协助；助攻；协助的器械,246
247,vt.使惊讶；使吃惊,247
248,adj.惊讶的 动词astonish的过去式和过去分词.,248
249,n.天文学,249
250,v.使惊骇；使大吃一惊,250
251,adj.机敏的；精明的；狡猾的,251
252,n.无神论；不信神,252
253,n.运动员,253
254,n.大气；空气；气氛；气压,254
255,n.原子；微粒,255
256,n.附件；附属物；忠诚；依恋；附著；依赖 n.,256
257,n.达到；获得 （常复数）attainments:成就； 才能； 学识.,257
258,adj.伴随的 n.服务员；出席者；伴随物；侍从,258
259,n.(辩护)律师,259
260,vt.把 ... 归于 n.属性；标志；象征；特征,260
261,vt.把 ... 归于 n.属性；标志；象征；特征,261
262,n.摩擦；消耗；人员耗损,262
263,n.听众；观众；读者；倾听；拥护者；正式会见,263
264,n.审计；查帐 vt.旁听；审计,264
265,n.听；听力；试听；试镜 v.试音；试听；试镜,265
266,v.出席；参加；照料；注意；专心于,266
267,n.听者；稽核员,267
268,n.礼堂；观众席,268
269,vt.增加 n.增加；补充物,269
270,n.赞助；前兆 名词auspice的复数形式.,270
271,n.气氛；氛围；气味；光环；,271
272,adj.吉利的；幸运的；有利的,272
273,n.节俭；苦行；(经济的)紧缩；严厉,273
274,adj.真正的；真实的；可信的；可靠的,274
275,adj.权威性的；命令式的,275
276,n.权力；官方；当局；职权；权威,276
277,vt.批准；委托；授权,277
278,n.独裁者,278
279,n.自治；自治权；自主,279
280,adj.可利用的；可得到的；有空的；有效的；<贬>【政】有资格的，适合的,280
281,n.雪崩；大量 v.雪崩,281
282,n.贪财；贪婪,282
283,adj.贪财的；贪婪的,283
284,n.平均数；平均水平 adj.平均的；一般的；通常的 v.取平均值；达到平均水平,284
285,n.嫌恶；憎恨,285
286,vt.转开；避免；防止,286
287,n.飞行员,287
288,adj.渴望的；贪婪的；热心的,288
289,vt.避免；逃避；,289
290,vt.承认；公开宣称声明,290
291,n.敬畏；恐惧 vt.使敬畏；使惊惧,291
292,adj.尴尬的；笨拙的；（设计）别扭的,292
293,n.轴；中枢,293
294,n.行李,294
295,adj.向后的；落后的 adv.向后,295
296,n.饵；引诱 v.以饵引诱；逗弄；中途休息,296
297,n.平衡；天平；平静；结余；差额；调和；制衡 vt.权衡；使平衡；抵消；称重量 vi.均衡；建立平衡,297
298,adj.秃头的；单调的；无装饰的 v.（使）变秃头,298
299,v.阻止；突然停止；退缩；拒绝 n.障碍；错误；失败 n.梁木 ,299
300,n.投票；投票用纸 vi.投票,300
301,adj.芳香的；温和的；<俚>疯狂的；古怪的,301
302,v.禁止；剥夺权利 n.禁令；禁止,302
303,n.强盗；土匪,303
304,vt.驱逐；流放；消除,304
305,n.破产；倒闭,305
306,n.宴会 vi.参加宴会 vt.宴请；设宴,306
307,n.酒吧；条；横木；栅 vt.禁止；阻挠；闩上；在 ... 设栅栏,307
308,n.野蛮人 adj.野蛮的,308
309,adj.赤裸的；空的；仅有的；贫瘠的，荒芜的 vt.使裸露；暴露,309
310,adv.几乎不；刚刚；勉强；少量地,310
311,n.气压计；晴雨表,311
312,adj.贫瘠的；无效的；不育的 n.荒地,312
313,n.【C】路障；街垒；障碍物；栅栏 n.(常用复数形式)barricades:有激烈争论的领域或议题 vt.设路障挡住；阻拦；封锁,313
314,n.栅栏；障碍物；屏障,314
315,v.物物交换；以货易货 n.物物交换；实物交易,315
316,adj.害羞的；羞怯的；羞愧的,316
317,n.脸盆；盆地；流域；水池,317
318,vi.取暖；舒适地晒太阳；沐浴于,318
319,v.疏缝；痛斥；大骂；润以油脂；涂以奶油,319
320,v.猛击；打坏；往后递倾 n.打击手；面糊；斜外墙,320
321,adv.预先；事先；提前,321
322,vt.使昏迷；使迷惑；使烂醉,322
323,v.产生；引起；生(子女),323
324,adj.合适的；适当的；好看的 动词become的现在分词.,324
325,v.嫉妒；羡慕；吝啬,325
326,v.诱骗；使陶醉；哄；消磨,326
327,n.行为；举止；品行 =behavior<美>,327
328,v.表现；行为；举止,328
329,n.熊 v.忍受；负荷；结果；证实；生子女,329
330,v.打；打败；跳动；敲打；战胜 n.拍子；敲打；心跳声 adj.精疲力尽的,330
331,v.掩饰；与 ... 不符；使 ... 失望,331
332,n.信徒；相信者,332
333,vt.轻视；贬低；使相形见小,333
334,adj.好战的；交战的 n.交战国；交战者,334
335,n.恩人；捐助者；赠送者,335
336,adj.有利的；有益的,336
337,n.受惠者；受益人,337
338,adj.仁慈的；乐善好施的,338
339,n.利益；津贴；义演；保险金；借助 vt.有益于；得益,339
340,adj.仁慈的；温和的；良性的,340
341,bend的过去式和过去分词. adj.下定决心的；弯曲的 n.嗜好,341
342,n.遗产；遗赠物,342
343,v.〈正式或文〉严厉责备,343
344,vt.剥夺；使丧失,344
345,vt.包围；困扰；镶嵌,345
346,prep.除 ... 之外 adv.此外；也,346
347,v.围攻；包围,347
348,v.授予；给予；<古>使用；<古>放置,348
349,vt.背叛；出卖；泄露；显露,349
350,n.饮料,350
351,vt. 使迷惑； 使 ... 不知所措,351
352,n.偏见；偏爱；斜纹 vt.使偏心,352
353,v.斗嘴；闪烁；发出潺潺声 n.口角；潺潺流水声,353
354,n.出价；投标；命令 动词bid的现在分词形式.,354
355,adj.固执己见的；心胸狭窄的 动词bigote的过去式和过去分词.,355
356,n.帐单；钞票；清单；议案；海报；节目单；锚钩；鸟喙；帽舌 v.开帐单；把 ... 列成表；用海报宣传；(鸟嘴)接触；爱抚 Bill n.比尔(男子名),356
357,n.生物化学,357
358,adj.奇异的；怪诞的,358
359,n.勒索；敲诈 vt.勒索；讹诈,359
360,vt.责备；把 ... 归咎于 n.责备；过失,360
361,adj.温和的；不油腻的；引不起兴趣的；平淡无奇的,361
362,n.爆炸；巨响；一阵(强风)；严厉的批评；<美俚>愉快的经历 v.爆破；摧毁；发出巨响；用力撞击；批评,362
363,n.漂白剂；漂白 v.变白；漂白,363
364,adj.萧瑟的；阴郁的；严寒的；无希望的,364
365,v.流血；渗色；榨取；放掉（水或气体）；给...抽血,365
366,n.瑕疵；污点；缺点 v.玷污；损害,366
367,v.混合 n.混合物,367
368,adj.神圣的；有福的；愉快的；<口>该死的 动词bless的过去式和过去分词.,368
369,n.祝福；祷告；幸事,369
370,v.眨眼；闪烁；拒绝承认或面对；用闪光灯传送信号 n.眨眼；闪光；一瞬间,370
371,n.幸福；极乐；天赐的福,371
372,n.大错 v.失策；绊倒；弄糟,372
373,adj.钝的；迟钝的；直率的 v.使迟钝；变钝,373
374,n.木板；布告板；董事会；船舷或机舱；伙食；舞台 v.登(飞机、车、船等)；接受乘客；有偿提供食宿；搭伙；用木板覆盖,374
375,v.自夸；吹牛；以...为荣 n.自夸；引以为荣的事物,375
376,adj.自夸的；自负的；喜夸耀的,376
377,adj.大胆的；陡峭的；醒目的；粗体的；无礼的,377
378,adj.夸大的,378
379,n.富矿带；带来好运的事物；暴富之源,379
380,n.债券；结合；协定；联系；情谊；黏合剂 vt.使结合；为 ... 作保 vi.连结；粘合,380
381,n.街区；木块；石块；大楼；一组；阻塞(物)；障碍(物) v.阻塞,381
382,n.奴役；束缚,382
383,n.红利；意外所得之物；奖金；【篮】追加罚篮,383
384,n.恩惠；所感激的事 adj.合得来的,384
385,n.无聊；厌烦；厌倦；令人厌烦的事物,385
386,adj.令人厌烦的；乏味的,386
387,n.植物学；植物,387
388,adj.必定的；有义务的；受约束的；装订的 vi.跳；跳跃前进；猛涨 n.跳跃；范围；界限 动词bind的过去式和过去分词形式,388
389,n.边界；分界线,389
390,adj.无限的；无穷的；无边无际的,390
391,n.弓；鞠躬礼；蝴蝶结；船头 v.鞠躬；致敬；压弯,391
392,v.防备；支撑；绷紧；振作 n.支柱；支架；牙箍；一对；（复）吊带裤；大括号,392
393,v.吹牛；自夸 n.大话；吹牛的人；傲慢的态度 adj.一流的；特别好的,393
394,n.脑；智力；智者；控制中心 vt.打 ... 的脑袋,394
395,n.争吵；大声的吵闹 vi.争吵；大声喊；哗哗流,395
396,n.破坏；违背；决裂；裂口；（浪的）冲击 v.违反；突破；在 ... 上打开缺口,396
397,n.崩溃；故障；衰弱；分类，明细；跺脚曳步舞,397
398,v.繁殖；养育；引起，产生；教养 n.品种；血统,398
399,n.微风；<口>轻而易举的事；焦炭渣 v.飘然而行；轻松通过,399
400,v.使变亮；使生辉；发亮；开颜,400
401,v.酿造；泡（茶）；酝酿；策划 n.酿造物；（酿造物的）质地；混合物,401
402,n.边；边缘 v.（装）满；（使）溢出,402
403,n.边缘；边沿；界限,403
404,adj.敏锐的；活泼的；活跃的；轻快的；凛冽的 v.（使）轻快,404
405,adj.易碎的；尖利的；脆弱的 n.果仁薄脆糖,405
406,v.变宽；扩大；开阔,406
407,n.瘀青；擦伤；挫伤 vi.碰伤；擦伤 vt.使挫伤,407
408,adj.野蛮的；残暴的,408
409,n.芽；花蕾 vi.发芽；萌芽 vt.使发芽,409
410,v. 移动； 妥协 n. 羔皮 adj. <古>浮夸的； 庄严的,410
411,n.预算 vt.编预算；为 ... 做预算 vi.节省开支 adj.廉价的；不贵的,411
412,n.体积；容积；大块；大部分；大批 adj.散装的；大量的 vt.使膨胀；使成堆 vi.膨胀；显得重要,412
413,adj.庞大的；笨重的；肥大的,413
414,n.窃贼,414
415,adj.燃烧的；热烈的；紧急的 n.燃烧 动词burn的现在分词.,415
416,v.磨光；使光亮 n.光泽；抛光,416
417,n.烟蒂；屁股；枪托 n.笑柄；靶垛 n.大酒桶 n.抵撞 v.插嘴；顶撞,417
418,n.黄油；奶油 vt.涂黄油；奉承,418
419,n.代名词；笑柄；谚语；俗语,419
420,n.(枪等)口径；(人或事)品质；才能,420
421,v.计算；估计；考虑；推测；计划；指望,421
422,v.取消；作废；注销；抵消；删除 n.取消；删除,422
423,n.候选人；应试者,423
424,adj.精明的；谨慎的；节俭的；狡诈的 adv.<苏格兰>仔细地,424
425,n.油画；帆布；（帆布）画布,425
426,adj.有能力的；能干的；有...的可能性,426
427,adj.容量大的；广阔的；宽敞的,427
428,vt.迷住；迷惑,428
429,n.囚禁；被俘；束缚,429
430,n.碳；复写纸；复本；碳精棒,430
431,n.红衣主教；鲜红色；基数；北美红雀 adj.主要的；深红色的,431
432,n.生涯；职业；事业 vi.猛冲；飞跑,432
433,n.大屠杀；残杀,433
434,adj.肉体的；世俗的,434
435,v.惩罚；严厉批评；谴责,435
436,adj.非正式的；漫不经心的；偶然的；临时的；休闲的 n.便装；临时工,436
437,n.事故；伤亡者；伤亡人数；<英>急诊室,437
438,n.大洪水；地震；(社会政治的)大变动,438
439,n.大灾难；大祸；彻底失败,439
440,adj.易传染的；有魅力的；迷人的 n.捕捉 动词catch的现在分词形式.,440
441,adj.绝对的；分类的,441
442,n.大教堂,442
443,adj.天主教的；(catholic)普遍的；广泛的 n.天主教徒,443
444,vt.引起；使发生 n.原因；理由；事业,444
445,adj.腐蚀性的；刻薄的；,445
446,adj.谨慎的；十分小心的,446
447,n.大洞穴 v.置于洞穴中；挖空,447
448,adj.不绝的；不停的,448
449,n.名人；名誉；社会名流,449
450,adj.天上的；非凡的 n.天神 Celestial. adj.中国的；中国人的 n.中国人,450
451,n.检查员；监察官 vt.检查,451
452,n.责难；非难 v.非难；责备；公开谴责,452
453,adj.摄氏的；百分度的,453
454,n.仪式 adj.仪式的,454
455,adj.拘礼的；礼节性的；正式的,455
456,n.仪式；礼节；典礼,456
457,v.擦痛；激怒；摩擦 n.擦伤；气恼,457
458,n.粉笔；白垩 v.用粉笔写；记录；使变白；归咎,458
459,n.混乱；无秩序；混沌,459
460,n.拥护者；冠军；优胜者；勇士 vt.拥护；保卫；为 ... 而斗争,460
461,n.个性；品质；字符；人物；名誉；地位 adj.,461
462,n.非凡的领导力；魅力,462
463,adj.仁慈的；(为)慈善事业的；宽恕的,463
464,n.慈善；宽厚；慈善机关(团体)；仁慈,464
465,adj.谨慎的；节俭的,465
466,adj.贞洁的；纯洁的；朴素的,466
467,vi.闲谈；谈天 n.闲谈；聊天,467
468,v.检查；阻止；核对；买单 n.检查；阻碍；支票；账单；方格图案；(国际象棋)将军,468
469,vt.珍爱；抱有；抚育,469
470,vi.斥责；指责 vt.(温和地）责备,470
471,n.责任；电荷；指控；费用；照顾 vi.要价；充电；向前冲，冲锋；记在账上 vt.控诉；赊帐；给…充电；委以重任；归罪于；装填（炸药等）,471
472,adv.主要地,472
473,v.(使)变冷；(使)扫兴；,473
474,adj.寒冷的；冷淡的 n.干辣椒,474
475,v.吱喳而鸣；轻松愉快地说 n.喳喳声；唧唧声,475
476,n.选择；挑选；抉择 adj.上等的；精选的,476
477,vi.窒息；阻塞；说不出话 vt.使窒息；阻塞；抑制；使说不出话 n.窒息；阻塞；阻风门,477
478,v.劈；砍；剁 n.砍；剁；排骨,478
479,v.选择；决定,479
480,n.讨厌的工作；琐事；家务,480
481,n.合唱队；歌舞队；齐声说道；副歌部分 vt.合唱,481
482,n.基督徒 adj.基督教的；基督徒的,482
483,adj.长期的；慢性的；惯常的,483
484,v.轻声笑；咯咯笑；暗自笑 n.轻声笑；咯咯笑,484
485,n.密码；阿拉伯数字；零；暗号 v.计算；做算术；将 ... 写成密码,485
486,adj.迂回的；绕行的,486
487,adj.圆形的；循环的 n.传单；通报,487
488,vi.流通；循环；传播 vt.使流通，使环流,488
489,n.流通；循环；发行量；消息传播,489
490,n.圆周；周围；周长,490
491,v.限制；划一条线包围；确定...的范围；画（几何图形的）外接圆,491
492,adj.细心的；慎重的,492
493,vt.绕行；设法避开；围住,493
494,vt.引用；传讯；表扬；举(例),494
495,adj.平民的 n.罗马法专家；平民,495
496,n.喧闹 v.喧哗；大声地要求 = clamor(英）.,496
497,n.夹子；螺丝钳 vt.夹住；强加；压制,497
498,adj.秘密的(常指违法的行为),498
499,vt.澄清；阐明；净化,499
500,n.条款；,500
501,v.使 ... 清洁；净化；使 ... 纯洁,501
502,adj.裂开的；分离的 n.裂缝；开裂 动词cleave的过去式和过去分词.,502
503,n.,503
504,n.气候；风气,504
505,n.高潮；极点；层进法；,505
506,v.钉牢；紧抓；扭住对手；最终解决 n.揪扭；拥抱；固定,506
507,vi.紧贴；附着；依恋；坚持 n.紧抓；紧贴,507
508,n.诊所；门诊部；科室,508
509,adj.干净的；纯洁的；完全的；空白的；正当的；精准的 adv.完全地 n.清洁 v.打扫；清扫；擦，刷,509
510,vt.夹住 v.剪短 v.疾驰；猛击 n.夹子；弹夹；回形针；钳 n.修剪；(羊毛的)剪下量；(被剪下的)东西,510
511,vt.阻塞；妨碍 vi.阻塞；结块；跳木屐舞 n.木屐；障碍,511
512,n.凝块；一群；<非正式>笨蛋 v.凝结；阻塞,512
513,n.(总称)衣服；覆盖物,513
514,adj.笨拙的；不得体的；笨重的,514
515,n.群；簇；丛；串 v.群集；丛生；使成群,515
516,vt.抓住；抓牢 vi.企图抓住；踩离合器 n.抓住；爪子；离合器；紧要关头 n.一窝鸡（蛋）；一群 adj.关键的；致胜的,516
517,vt.弄乱；混乱 n.杂乱,517
518,adj.粗糙的；粗俗的；非精制的,518
519,v.娇养；溺爱；用文火煮,519
520,v.关；合拢；不开放；停业；结束；收盘；（使）缩小；牢牢握住或抓住；（使）靠拢；同意；短兵相接 adj.亲近的；近的；几乎的；闷热的；严密的；紧凑的；剪得很短的；守口如瓶的；吝啬的；势均力敌的 adv.接近；靠近；紧紧地 n.死胡同；完结；结论,520
521,v.哄；诱骗；灵巧慢慢地做,521
522,adj.有说服力的；令人信服的,522
523,v.粘合；凝聚；前后一致；连贯,523
524,adj.连贯的；有条理的；一致的；粘着的,524
525,n.凝聚力；团结；内聚力,525
526,adj.粘性的；有结合性的；有粘聚性的,526
527,n.卷；圈；线圈 v.盘绕；卷成圈,527
528,vi.合作；通敌,528
529,vi.一致；同时发生；符合,529
530,n.硬币；金钱 vt.铸造（钱币）；创造（新词） adj.硬币的；投币的,530
531,v.（使）倒塌；（使）崩溃；（使）瓦解；折叠 n.倒塌；崩溃；暴跌,531
532,adj.旁系的；并行的；附属的 n.附属担保物；支亲；副保,532
533,adj.口语的；会话的,533
534,adj. 巨大的； <口>异常的,534
535,n.结合；结合到一起的事物或人；密码,535
536,n.彗星,536
537,n.司令官；指挥官,537
538,v.开始；着手；<英>获得学位,538
539,v.推荐；称赞；嘉奖；把 ... 托付给,539
540,n.评论员；解说员；注释者,540
541,n.贸易；商业,541
542,n.佣金；委员会；委托；委任；犯罪 vt.授予；使服役；委托,542
543,n.委员会,543
544,adj.宽敞的,544
545,v.传达；沟通；交流,545
546,n.社区；社会；公众；共同体；团体；共享；共有；,546
547,adj.紧密的；紧凑的；简洁的 vt.使简洁；使装满；压实 n.合约条约；梳妆粉盒；<美>小型汽车,547
548,n.公司；商号；陪伴；同伴；客人；,548
549,adj.可比较的；比得上的,549
550,adj.比较的；相当的 n.比较级,550
551,v.比较；对比；比喻 n.比较；对照,551
552,n.怜悯；同情,552
553,adj.一致的；兼容的；适合的 n.兼容,553
554,v.强迫；迫使；使不得已,554
555,n.补偿；赔偿；赔偿金,555
556,v.竞争；比赛；对抗,556
557,adj.有能力的；足够的；胜任的,557
558,vt.编译；编制；编纂,558
559,adj.补充的；互补的,559
560,n.抱怨；疾病；诉苦；控告；投诉,560
561,adj.完整的；完成的；彻底的 vt.完成；使完美；使圆满；填（表格等）,561
562,vt.相辅相成 n.补足物；补语；余角,562
563,adj.复杂的；合成的；复合的 n.综合体；复合体；,563
564,v.使复杂化；使起纠纷 adj.复杂的,564
565,n.称赞；恭维；(复数)致意 vt.恭维；称赞,565
566,adj.问候的；称赞的；免费赠送的,566
567,vi.顺从；遵照；答应,567
568,n.零部件；元件；组成部分；成分 adj.组成的；构成的,568
569,adj.镇静的；沉着的；由…组成的,569
570,n.镇静；沉着,570
571,adj.全面的；广泛的；综合的；理解的,571
572,vt.充分理解；领悟；包括,572
573,vt.构成；包含,573
574,adj.极有趣的；强迫的；上瘾的；难以抑制的,574
575,adj.强制的；势在必行的；义务的,575
576,vt.隐藏；隐瞒；掩盖,576
577,vt.承认；给予；让步；认输 vi.让步,577
578,n.自负；个人观点；幻想；字字珠玑；好评,578
579,v.设想；想出；怀孕,579
580,adj.担忧的；关心的；关切的；有关的,580
581,n.音乐会；一致；和谐 vt.协定；协同安排 vi.合作,581
582,adj.协定的；商议好的；一致的 动词concert的过去式和过去分词.,582
583,n.让步；特许权；租界；妥协,583
584,adj.调和的；安抚的,584
585,adj.简明的；简要的,585
586,vt.推断出；缔结；使结束 vi.结束；总结；作决定；作协议,586
587,adj.决定性的；确实的；结论性的,587
588,v.捏造；调制,588
589,adj.具体的；实质性的；混凝土的 n.水泥；混凝土；具体物 v.凝结；结合,589
590,v.意见相同；同时发生,590
591,n.赞同；意见一致；同时发生,591
592,adj.同时发生的,592
593,vt.谴责；判刑,593
594,n.调味品；佐料,594
595,n.条件；情况 v.训练；决定；以 ... 为条件；护理（头发）,595
596,vt.宽恕,596
597,n.行为；举动；品行 v.引导；指挥；管理 vt.导电；传热,597
598,n.圆锥体；锥形物；球果 vt.变成锥形,598
599,n.同盟者；同盟国；同伙 Confederate：美国南部联盟. adj.同盟的；联合的 v.（使)结盟；（使)联合,599
600,v.商讨；授予，赐予,600
601,n.会议；讨论会；协商会；会谈,601
602,v.吐露；委托；信赖,602
603,v.承认；供认；告解；听取忏悔,603
604,n.信任；把握；信心；知心话 adj.骗得信任的,604
605,adj.自信的；有信心的；有把握的,605
606,adj.秘密的；机密的；表示信任的；获信赖的,606
607,vt.限制；禁闭 n.范围；界限；约束；限制,607
608,v.证实；批准；确定,608
609,v.没收；充公,609
610,vt.使困惑；混淆；挫败；诅咒,610
611,vt.使困惑；使混乱；混淆,611
612,adj.同性质的；适意的；趣味相同的；友善的,612
613,v.使集合；聚集；集合 adj.集体的,613
614,adj.拥挤的；堵塞的；充血的；鼻子不通的 动词congest的过去式和过去分词.,614
615,n.国会议员,615
616,n.适合；一致；调和,616
617,v.变戏法；恳求；唤起；以咒文召唤,617
618,n.默许；纵容；共谋 =connivence.,618
619,v.共谋；默许；纵容,619
620,n.鉴识家；内行,620
621,n.良心；是非之心；顾忌,621
622,adj.认真的；谨慎的；负责的,622
623,adj.神志清醒的；意识到的；自觉的；有意的 n.意识,623
624,v.供神用；奉献；使神圣 adj.被献给神的；神圣的,624
625,adj.连续的；连贯的,625
626,n.一致；同意；共识,626
627,adj.保守的；守旧的 n.保守派(党)；保守的人,627
628,n.温室；音乐学院,628
629,n.蜜饯；果酱 v.保存；保持；节省；用糖保存,629
630,v.考虑；思考；认为；体谅；注视,630
631,adj.重要的；相当大的；可观的,631
632,adj.考虑周到的；体谅的；体贴的,632
633,vt.安慰；慰藉 n.仪表盘；操控台；(游戏)平台；落地式支座,633
634,v.合并；统一；巩固,634
635,n.<正式>（君王的）配偶；一组(古乐器)；一组(演奏几世纪前音乐的乐师) v.厮混；结交,635
636,adj.显著的；显眼的；显而易见的,636
637,n.阴谋；共谋,637
638,v.阴谋；协力；共谋，串通一气,638
639,adj.不变的；经常的 n.常数；恒量,639
640,n.星座；星群,640
641,vt.构成；组成；任命；建立；制定,641
642,vt.强迫；限制,642
643,v.压缩；束紧；使收缩,643
644,vt.建造；构筑；造(句) n.构想,644
645,v.解释；翻译；作句法分析,645
646,v.查阅；请教；商讨；就诊,646
647,n.消费者；用户；消费品,647
648,v.消耗；吃喝；毁灭,648
649,adj.传染性的；感染性的,649
650,n.容器；集装箱,650
651,vt.弄脏；污染,651
652,n.轻视；轻蔑,652
653,vt.注视；沉思；打算,653
654,adj.可鄙的；可轻视的,654
655,adj.轻视的；轻蔑的；瞧不起的,655
656,v.竞争；争斗；争辩；坚决主张,656
657,n.大陆；洲；(the Continent)欧洲大陆,657
658,n. 内容； 目录； 含量 adj. 满足的； 满意的 vt. 使 ... 满足； 使 ... 安心,658
659,n.代表团；小分队；偶然的事情 adj.取决于；经验主义的；不可预知的,659
660,adv.不断地；频繁地,660
661,n.合同；婚约；合约；契约 v.缩小；订合同；缩短；感染（疾病）；招致,661
662,n.周线；轮廓；等高线；概要；电路 vt.画轮廓(画等高线) adj.显示轮廓的,662
663,vt.反驳；与 ... 矛盾,663
664,n.合同；婚约；合约；契约 v.缩小；订合同；缩短；感染（疾病）；招致,664
665,n.对比；差别；对照物 v.对比；成对照 n.,665
666,v.违反；相抵触；否定,666
667,v.图谋；发明；设计；设法做到,667
668,adj.悔悟了的；后悔的；痛悔的,668
669,n.争议；(公开的)争论,669
670,adj.有争议的；引起争论的,670
671,v.议论；辩驳；驳击,671
672,vi.集合 vt.集合；召集；召唤,672
673,adj.便利的；方便的,673
674,n.大会；协定；惯例；公约,674
675,adj.传统的；惯例的；常规的,675
676,v.(使)转变；使…改变信仰；转化；兑换；换算 n.皈依者；改变信仰的人,676
677,vt.表达；传达；运输；转移,677
678,vt.宣判 ... 有罪；使 ... 知罪 n.囚犯；罪犯 adj.被定罪的,678
679,n.护航队；护送；护卫；警护 v.护航；护送,679
680,n.合作；协作；合作社；协同作用,680
681,v.（使）协调；（使）一致；（使）同等 n.坐标；同等的人物；配套服装 adj.同等的；等位的；(大学)男女分院制的,681
682,n.铜；铜币；警察；紫铜色；有紫铜色翅膀的小蝴蝶 vt.镀铜,682
683,n.兴奋剂；补品 adj.热忱的；诚恳的；兴奋的,683
684,n.复制品；抄本；副本；一册；一份 v.复制；抄写；抄袭,684
685,n.军团；兵团；队,685
686,n.尸体,686
687,adj.肥胖的,687
688,adj.正确的；得体的 v.改正；纠正,688
689,vt.使相互关联 vi.关联 n.相关物,689
690,n.通信；信件；相符，相似；一致，相当,690
691,v.确证；证实,691
692,v.腐蚀；侵蚀；损害,692
693,n.服装；剧装 vt.提供服装；为 ... 设计服装 adj.服装打扮的,693
694,adj.世界性的；久经世故的；遍生于世界的；四海一家的 n.世界主义者,694
695,n.膺品；伪造品 adj.假冒的；假装的 v.仿造；伪装；假装,695
696,n.劝告；建议；诉讼律师 v.提供建议；劝告,696
697,n.职务相当的人；对应物；相似之物；副本,697
698,adj.无数的；多的数不清的,698
699,n.法院；庭院；宫廷；球场；奉承 v.献殷勤；追求；招致；设法获得,699
700,adj.有礼貌的；殷勤的；客气的，谦恭的,700
701,n.封面；盖子；套子；表面 v.覆盖；涉及；包含；掩护；给…保险,701
702,adj.贪婪的；贪心的；垂涎的,702
703,v.畏缩；退缩；抖缩,703
704,n.工艺；手艺；狡诈；船舶；航空器；行会成员 vt.手工制作；精心制作,704
705,adj.舒适的；惬意的 v.靠近；取悦 n.保温罩 =cosy(英).,705
706,adj.狡猾的；熟练的；巧妙的,706
707,v.塞满；猛吃；仓促备考 n.仓促备考；挤成一堆的人群 Cram. n.克拉姆(姓氏或男子名),707
708,v.撞击；坠毁；发出巨响；崩溃；破产；<俚>宿夜 n.轰隆声；猛撞；崩溃；暴跌；垮台；粗布 adj.速成的,708
709,v.渴望；热望；迫切需要；恳求,709
710,adj.疯狂的；荒唐的；着迷的 n.荒唐的人 adv.疯狂地,710
711,n.国书；凭据；印信 vt.提供证明书 adj.信任的,711
712,n.信用；荣誉；学分；赞扬；贷款；赊欠；贷方；存款 (复)credits: 演职员名单. v.归功于；相信；记入贷方,712
713,adj.轻信的；易受骗的,713
714,n.宗教信仰；信念,714
715,n.裂缝；破口；崩溃处,715
716,n.小湾；小溪 Creek. n.克里克族；克里克人；克里克语,716
717,n.全体船员；全体乘务员；(一组)工作人员；划艇队员 v.当船员；当机务人员,717
718,adj.脆的；干脆的；卷曲的；明快的；(天气)干冷的 n.薯片；松脆物 v.(使)发脆；(使)卷曲,718
719,adj.批评的；挑剔的；决定性的；危险的 adj.临界的,719
720,adj.弯曲的；歪的；不老实的；不正直的 动词crook的过去式和过去分词.,720
721,adj.决定性的；关键的,721
722,adj.天然的；未加工的；粗鲁的；粗糙的；简陋的 n.原油；天然的物质,722
723,adj.残酷的；残忍的；引起痛苦的,723
724,v.崩溃；弄碎；破灭,724
725,v.（使)起皱；(使)崩溃；压垮 n.压痕；皱痕,725
726,v.压碎；击败；使...失望；折皱；压榨 n.压碎；压榨；极度拥挤；<口>迷恋,726
727,n.外壳；坚硬的外壳；面包皮 vt.盖以硬皮 vi.结硬皮,727
728,adj.隐秘的；秘密的；用密码的；隐晦的,728
729,n.水晶；结晶体；表蒙子 adj.透明的；晶体的,729
730,adj.立方体的；立方的,730
731,n.烹饪；佳肴,731
732,n.顶点；最高潮,732
733,adj.该责备的；有罪的,733
734,n.宗教膜拜仪式；异教；狂热崇拜；个人崇拜,734
735,vt.栽培；耕作；培养；陶冶；结交(朋友),735
736,n.教化；培养；耕作,736
737,adj.狡猾的；有眼光的；精巧的；可爱的 n.【C】狡诈；灵巧,737
738,n.路边；克制；勒马绳 vt.抑制；勒住；牵(狗)到合适地方大小便,738
739,n.好奇心；好奇；稀奇的人或物,739
740,adj.好奇的；奇特的,740
741,n.货币；流通,741
742,n.趋势；(水、气、电)流 adj.现在的；流通的,742
743,adj.匆匆忙忙的；草率的；粗略的,743
744,adj.(言语)简短失礼的；简短的； 草率的,744
745,v.缩减；削减；截短,745
746,n.垫子；橡皮软垫；缓冲 vt.加垫褥；放在垫子上；保护；减缓；为 ... 装垫子,746
747,n.习惯；风俗；惯例 （复）customs: 海关；关税. adj.定做的；定制的,747
748,adj.愤世嫉俗的；悲观的；恶意的,748
749,n.短剑；匕首；,749
750,adj.潮湿的；有湿气的；沮丧的 n.湿气；潮湿 vt.使潮湿；使扫兴 vi.变潮湿,750
751,v.(使)潮湿；使沮丧；抑制,751
752,adj.危险的；不安全的,752
753,v.摇晃；悬垂；挂着；追求 n.摇摆；摇摆物,753
754,adj.阴湿的 n.潮湿；沼泽地,754
755,adj.勇敢的；大胆的 n.勇敢；勇气,755
756,n.飞镖；投射；突进；缝褶 vi.快速投掷；突然移动 vt.使突然移动,756
757,adj.过时的；陈旧的 动词date的过去式和过去分词.,757
758,adj.无畏的；勇敢的；不屈不挠的,758
759,vt. 使 ... 茫然； 使 ... 眩目 n. 恍惚； 晕眩,759
760,v.使眼花；使赞许 n.光辉,760
761,adj.令人眼花缭乱的；耀眼的 动词dazzle的现在分词.,761
762,adj.死的；不起作用的；无趣的；筋疲力尽的；麻木的；完全的；无效的；沉闷的；（指球）界外的 adv.完全地；直接地；突然地,762
763,adj.致命的；如死一样的 adv.非常地；如死一般地,763
764,n.协定；交易；大量 v.应付；分配；处理；交易；经营,764
765,adj.有疑问的，有争议的；成问题的,765
766,n.借方；债务人,766
767,n.衰落；颓废,767
768,n.债务；恩情；负债状态；义务；罪,768
769,v.(使)衰退；(使)腐败；(使)腐烂 n.衰退；腐烂；腐败,769
770,adj.欺诈的；欺骗的,770
771,n.欺骗；诡计；不诚实,771
772,vt.欺骗 vi.行骗,772
773,adj.相当好的；体面的；适当的；正派的,773
774,adj.骗人的；虚伪的；诈欺的,774
775,v.高谈阔论；雄辩；大声说,775
776,v.决定；判断；断定,776
777,adj.小数的；十进位的 n.小数,777
778,v.下降；减少；变弱；拒绝；倾斜 n.衰微；跌落；晚年,778
779,n.倾斜面；斜坡,779
780,n.礼貌合宜,780
781,n.法令；判决 v.颁布；裁定；注定,781
782,v.责难；诽谤,782
783,vt.致力于；献出；提献辞,783
784,v.认为；视作,784
785,vt.诽谤；中伤；损毁名誉,785
786,n.缺席；默认(值)；不履行责任 v.拖欠；默认；不履行义务；缺席,786
787,n.缺点；缺陷 vi.背叛,787
788,n.背叛；脱党；离会,788
789,adj.有缺陷的；,789
790,v.防守；防护；辩护,790
791,v.推迟；延期；使延期入伍 v.顺从；把…委托给他人,791
792,n.顺从；敬重,792
793,adj.恭敬的；顺从的,793
794,adj.挑衅的；目中无人,794
795,n.赤字；逆差；亏损；亏空；不足,795
796,vt.弄脏；污损；败坏；玷污 vi.以纵队前进 n.(山间)小道；狭谷,796
797,adj.明确的；一定的；有把握的,797
798,v.使偏斜；转向；改变原计划,798
799,vt.使变形；使畸形 vi.变形,799
800,v.诈骗,800
801,adj.敏捷熟练的；灵巧的,801
802,adj.死的；不能使用的；非现存的；失效的 n.死者,802
803,v.退化；堕落 adj.堕落的；退化的 n.堕落的人,803
804,vt.藐视；挑衅；反抗,804
805,v.降格；使屈辱；贬低；退化；降解,805
806,n.神；神性 Deity. n.（前加the）上帝,806
807,adj.沮丧的；灰心的 动词deject的过去式和过去分词形式.,807
808,n.代表 v.派 ... 为代表；委派；授权；委托,808
809,v.耽搁；推迟；延误 n.耽搁；延期；推迟,809
810,vt.删除,810
811,adj.有害的,811
812,adj.深思熟虑的；故意的；从容不迫的 v.仔细考虑；研讨,812
813,adj.美味的；可口的,813
814,adj.微妙的；精美的；纤细的；脆弱的；敏锐的；美味的,814
815,vt.描绘；叙述；画出,815
816,v.欺骗；迷惑；蛊惑,816
817,n.民主国家；民主；民主制,817
818,n.死亡；转让房产；让位 v.让渡；遗赠；转让；死亡,818
819,v.拆毁；破坏；驳倒；<口>吃光,819
820,vt.证明；演示；示范 vi.示威,820
821,v.提出异议；反对；<古>拖延 n.异议；反对,821
822,vt.表示；象征,822
823,v.谴责；告发；通告废除,823
824,adj.密集的；稠密的；浓密的,824
825,n.密度；浓度；比重,825
826,vt.否认；拒绝承认；拒绝给予；自制,826
827,adj.依靠的；依赖的；从属的,827
828,vt.离开 vi.离开；死亡,828
829,vt.描述；描绘；画,829
830,vt. 悲叹； 谴责； 对 ... 深感遗憾,830
831,vt.驱逐出境；持...举止,831
832,v.放置；(使)沉淀；存储；付(订金等)；寄存 n.存款；定金；堆积物；矿床,832
833,v.声明不赞成；抨击；反对,833
834,n.贮藏所；仓库；车站；补给站,834
835,v.贬值；降价；轻视,835
836,vt.使沮丧；压下；使萧条；降低；压抑,836
837,n.沮丧；萧条,837
838,n.代表；副手；议员,838
839,vt.扰乱；使发狂,839
840,v.嘲笑；愚弄,840
841,vt.应受；值得,841
842,n.沙漠；荒地；应得(的惩罚或奖励) v.遗弃；离弃；放弃；擅离职守,842
843,vt.指定；标明；把...定名为；选派 adj.指定的,843
844,n.设计；图样；图案；目的 v.设计；计划,844
845,adj.狡猾的；有预谋的 n.设计 动词design的现在分词.,845
846,adj.令人满意的；性感的；有吸引力的；值得的；令人向往的 n.有吸引力的人或物,846
847,n.渴望；愿望；欲望 v.渴望；向往；要求,847
848,adj.渴望的；想要的,848
849,adj.荒凉的；荒芜的；孤单寂寞的,849
850,vt.派遣；迅速处理n.运送；派遣；急件=dispatch（美）,850
851,adj.可鄙的；卑劣的,851
852,v.夺取；掠夺,852
853,vt.轻视,853
854,n.甜食，餐后甜点,854
855,n.目的地；终点,855
856,v.注定；指定；预定,856
857,adj.破坏性的；有害的,857
858,n.命运,858
859,vt.使分离；拆卸；派遣 ,859
860,adj.超然的；分离的；独立的,860
861,vt.扣留；拘押；耽搁；延误,861
862,n.决心；测定；规定；(正式)决定；定位,862
863,v.发觉；察觉；探测,863
864,v.决定；决心；确定；测定,864
865,adj.威慑的 n.威慑物；妨碍物，障碍,865
866,v.厌恶；痛恨,866
867,vi.减损 vt.转移,867
868,n.损伤；损害物,868
869,adj.有害的 n.有害的人或事,869
870,vt.毁坏；使荒芜；使震惊,870
871,v.发展；发育；开发；冲洗(照片),871
872,v.偏离；脱离 n.叛离者；偏差；不正常的人或物 adj.离经叛道的,872
873,n.装置；设备；策略；设计,873
874,adj.迂回的；弯曲的；不正直的；狡猾的,874
875,vt.设计；发明；遗赠,875
876,adj.全无的；缺乏的,876
877,adj.投入的；深爱的；全心全意的 动词devote的过去式和过去分词.,877
878,n.虔诚；献身；奉献；热爱,878
879,v.吞食；毁灭；贪婪地阅读,879
880,adj.虔诚的；虔敬的；衷心的,880
881,adj.灵巧的；机灵的；惯用右手的 =dextrous.,881
882,v.判断；诊断(疾病),882
883,n.诊断；调查分析,883
884,n.图解；图表 vt.用图解法表示,884
885,n.方言；地方话,885
886,n.对话 v.对话,886
887,n.直径,887
888,adj.独裁的；专政的,888
889,n.日常食物；规定饮食；节食 n.（日本等国的）国会 v.节食；照规定饮食；喂食,889
890,vt.扩散；散开；传播 vi.弥漫；扩散 adj.冗长的；四散的,890
891,adj.高贵的；威风的；有尊严的；气派的 动词dignify的过去式和过去分词,891
892,n.尊严；高贵；端庄,892
893,vt.使高贵；使增辉；抬高…的身价；将…美其名为,893
894,v.走向岔道；离开本题；扯到枝节上,894
895,v.使扩大；扩大；膨胀；详述,895
896,n.困境；进退两难,896
897,adj.勤奋的；用功的,897
898,vt.稀释；冲淡 adj.冲淡的；稀释的,898
899,adj.暗淡的；模糊的；笨的 v.使暗淡；使失去光泽 n.车头近光灯；停车灯,899
900,n. 尺寸； 次元； 容积； 维度； 范围； 方面 vt. 标尺寸； 形成 ... 尺寸,900
901,vt.减少；减损；贬低 vi.变少；逐渐变细,901
902,adj.小的；小型的；变小的 n.小的人（物）；,902
903,adj.肮脏的；昏暗的,903
904,n.外交,904
905,adj.外交的；古字体的；老练的,905
906,adj.直接的；笔直的；坦白的 v.对准；指挥；指示；命令,906
907,v.放下武器；裁军；解除武装；缓和,907
908,adj.消除敌意的；解除疑虑的 动词disarm的现在分词形式.,908
909,vt.扰乱；弄乱,909
910,v.弄乱；使混乱 n.无秩序；混乱,910
911,adj.灾难性的；极糟的,911
912,n.灾难,912
913,v.解散；遣散,913
914,v.支付；支出；分配,914
915,vt.丢弃；抛弃 vi.丢牌 n.丢牌；废牌,915
916,v.辨明,916
917,adj.可辨别的,917
918,v.排出；释放；解雇；放电；解除；清偿债务 n.卸货；释放；发射；放电；准许离开；排出物,918
919,n.弟子；门徒；信徒,919
920,v.放弃；否认；弃权；拒绝,920
921,n.不调和；不一致；,921
922,n.谈话，讨论；（一系列的）演讲，文章 vi.讲述；谈话 vt.叙述；讨论,922
923,n.折扣；贴现率 vt.打折扣；贴现；不全信；不重视 vi.贴现；减息贷款,923
924,adj.谨慎的；不引人注意的；朴素的，简易的,924
925,adj.不连续的；分离的,925
926,n.谨慎；慎重；自行决定,926
927,n.歧视；鉴赏力；辨别,927
928,n.轻蔑 v.蔑视,928
929,v.使丑陋；损毁(外貌等),929
930,n.厌恶；憎恶；反感 vt.使厌恶；使作呕,930
931,n.耻辱 v.耻辱；丢脸,931
932,vt.蔑视；贬损,932
933,adj.不感兴趣的；无私欲的；公平的；公正的 动词disinterest的过去式和过去分词形式.,933
934,adj.阴沉的；凄凉的；暗的,934
935,n.沮丧；绝望 vt.使 ... 沮丧；使 ... 惊愕,935
936,v.派遣；发送；迅速完成；处死 n.急件；派遣；发送；新闻报道,936
937,adj.不是必要的；可有可无的,937
938,v.取代；移置；替换,938
939,v.清除；处理掉；解决；杀死；打败,939
940,v.证明 ... 是不对的；提出 ... 的反证,940
941,n.性情；倾向；安排；处置；控制；,941
942,adj.声名狼藉的；见不得人的；不体面的,942
943,adj.无礼的；不尊敬的,943
944,vt.干扰；打断；妨碍；使分裂；使破裂,944
945,v.解剖；切细；仔细研究；详细分析,945
946,v.掩饰；假装,946
947,vt.散播；公开；宣传,947
948,adj.不同的,948
949,v.掩饰；假装；装糊涂,949
950,v.驱散；消散；散去；浪费；挥霍；放荡,950
951,n.蒸馏,951
952,adj.疏远的；遥远的；远房的；陌生的；远行的,952
953,vt.歪曲；扭曲；变形 vi.歪曲,953
954,vt.分散；转移；分心；困扰,954
955,adj.痛苦的 动词distress的过去式和过去分词.,955
956,v.分配；散发；分布,956
957,vt.使分离；使不和,957
958,v.分歧；分叉；,958
959,adj.分歧的；分开的；偏离的,959
960,adj.不同的；多种多样的,960
961,v.泄露；暴露,961
962,vt.使多样化；使变化；使不同 vi.多样化,962
963,n.学说；教义；主义；（政府政策的）正式声明,963
964,vt.划分；隔开；分割；,964
965,v.避开；躲避 n.躲避；诡计,965
966,n.教条；教义；信条,966
967,adj.教条的；武断的,967
968,adj.悲哀的；寂寞的；阴沉的,968
969,n.海豚,969
970,adj.家庭的；国内的；驯养的 n.佣人；家仆,970
971,adj.主要的；占优势的；显性的 n.主宰者；显性基因,971
972,adj.专横的；作威作福的,972
973,v.支配；控制；统治；占优势；俯视；高耸于,973
974,v.捐赠；捐献,974
975,n.统治；主权；领土 Domimion：. n.英联邦的自治领土,975
976,n.捐赠人；施主；供者,976
977,n.毁灭；厄运；判决；死亡 vt.注定；判定,977
978,adj.休眠的；睡眠的；静止的；潜伏的；匿名的；（动物等）冬眠的,978
979,n.集体宿舍 n.【美】学生宿舍楼,979
980,n.怀疑；疑惑；悬而未定 vt.怀疑；不信任 vi.不确定,980
981,adj.可疑的；怀疑的；不确定的,981
982,adj.情绪低落的,982
983,v.打瞌睡 n.瞌睡,983
984,v.拖；拉；迫使；缓慢行进；进行过久；扯进；打捞 n.拖；拉；累赘；阻力 n.男子穿的女子服装,984
985,n.缺点；退税；退款；不利条件；弊,985
986,v.惧怕；担心 n.恐惧；可怕的人或事 adj.恐怖的；使人敬畏的,986
987,vi.下毛毛雨 vt.细雨般地洒下 n.细雨,987
988,adj.气馁的；悲哀的；垂下的,988
989,adj.激烈的；重大的；极端的,989
990,adj.双重的；成双的 n.双数,990
991,adj.怀疑的；可疑的；不确定的,991
992,adj.易延展的；柔软的；易教导的,992
993,adj.哑的；愚蠢的；不能说话的 vt.使沉默,993
994,n.地牢；土牢；城堡主塔,994
995,n.干旱,995
996,adj.昏昏欲睡的；令人昏昏欲睡的 adj.寂静的,996
997,adj.耐用持久的,997
998,adj.微黑的；带黑的；昏暗的,998
999,vi.居住；存在；冥想；详细阐述,999
1000,v.减少；缩小,1000
1001,n.染料；染色 v.染；染色,1001
1002,n.退潮；衰落 vi.落潮；衰退,1002
1003,adj.古怪的；反常的；不同圆心的 n.怪人；,1003
1004,adj.经济学的；经济的；有利可图的,1004
1005,adj.节俭的；经济的；合算的,1005
1006,n.经济学,1006
1007,n.住处；住宅,1007
1008,v.节约；节省；有效地利用 =economise(英).,1008
1009,adj.应有的；到期的；预定的；应付的 n.应得物；会费,1009
1010,n.狂喜；入迷 Ecstasy. n.摇头丸,1010
1011,n.边缘；优势；边；刀口 vt.给 ... 加上边；缓慢横过；使锋利 vi.徐徐前进,1011
1012,adj.可食用的 n.食品；食物,1012
1013,vt. <古>建立； 训导； 教导； 启发； 薰陶,1013
1014,v.擦掉；抹去；使（自己）不受人注意；忘却,1014
1015,adj.有效的；生效的；实际的,1015
1016,vt.使实现,1016
1017,v.流出；散布 adj.散出的；扩散的,1017
1018,adj.效率高的；胜任的,1018
1019,n.自我主义者；利己主义者,1019
1020,v.逝去；过去 n.（光阴）逝去,1020
1021,n.效应；结果；影响；印象；效果；要旨 v.使产生；引起,1021
1022,n.弹力；弹性；伸缩性；灵活性,1022
1023,n.得意洋洋；兴高采烈,1023
1024,n.选举；当选；选举权,1024
1025,adj.优雅的；雅致的,1025
1026,adj.基本的；初级的；元素的,1026
1027,v.喷射；放逐；驱逐,1027
1028,adj.详尽的；复杂的；精心的；精美的 v.详细地说明；用心制作；推敲；变得复杂,1028
1029,n.精英 adj.精英的；优秀的,1029
1030,n.雄辩；口才,1030
1031,adj.雄辩的；有口才的；动人的,1031
1032,vt.举起；提拔；素养提升；鼓舞 vi.变高,1032
1033,v.阐明；说明,1033
1034,n.要素；元素；（学科的）基本原则；(复数)恶劣天气；元件,1034
1035,vt.逃避；躲避；理解不了；记不起来,1035
1036,adj.难懂的；难捉摸的；难找的；逃避的,1036
1037,v.(使)消瘦；(使)憔悴,1037
1038,adj.瘦弱的；憔悴的 动词emaciate的过去式和过去分词.,1038
1039,v.铭记；防腐；使弥香气；使不朽,1039
1040,vt.使窘迫；使尴尬；使为难 vi.窘迫,1040
1041,v.美化、装饰或修饰；渲染或添枝加叶,1041
1042,vt.盗用；挪用,1042
1043,vt.使具体化；包含；代表，体现；使(精神)肉体化,1043
1044,v.拥抱；包含；包围；接受；信奉 n.拥抱,1044
1045,v.刺绣；镶边；装饰,1045
1046,vt.修订；校订,1046
1047,v.移居；移民,1047
1048,vi.浮现；(由某种状态)脱出；(事实)显现出来,1048
1049,adj.著名的；卓越的,1049
1050,vt.强调；着重；使突出,1050
1051,adj.强调的；(人)明确表示的；有目共睹的；,1051
1052,n.雇员,1052
1053,n.雇主,1053
1054,vt.授权；使能够,1054
1055,vt.效法；尽力赶上 ,1055
1056,vt.使能够；使可能,1056
1057,vt.制定法律；扮演,1057
1058,v.施魔法；使迷惑；使喜悦；使陶醉,1058
1059,vt.围绕；包围；包括；完成,1059
1060,v.侵占；侵犯；侵害,1060
1061,vt.鼓励；促进；支持,1061
1062,v.妨害；阻害,1062
1063,adj.空的；空洞的；空虚的；空腹的 v.倒空；变空；排空 n.空物,1063
1064,vt.危及；危害,1064
1065,v.<英>尽力；努力 n.奋力；尽力 =endeavor(美),1065
1066,adj.无止境的；没完没了的,1066
1067,vt.赞同；支持；背书于,1067
1068,vt.容忍 vi.忍耐；持久；持续,1068
1069,adj.精力旺盛的；有力的；能量的,1069
1070,v.使活跃；赋予能量；激励；使精力充沛,1070
1071,adj.无力的；衰弱的 vt.使无力；使衰弱,1071
1072,v.产生；引起,1072
1073,v.使全神贯注；独占；正式誊写；用大字体书写,1073
1074,adj.全神贯注的 动词engross的过去式和过去分词形式.,1074
1075,vt.吞没；席卷；吞噬,1075
1076,vt.提高；增加；加强,1076
1077,n.难以理解的事物；谜；谜一般的人,1077
1078,adj.谜的；莫明其妙的；不可思议的,1078
1079,v.启发；开导；教导,1079
1080,adj.巨大的；庞大的,1080
1081,vt.征募；使入伍；获得...支持 vi.入伍；参与,1081
1082,vt.激怒；使暴怒,1082
1083,vt.使狂喜；使出神,1083
1084,vt.使富足；使肥沃；使丰富,1084
1085,vt.使做奴隶；使处于奴役的状态,1085
1086,vt.使必需；带来；限定继承 n.限定继承权,1086
1087,vt. 使 ... 纠缠； 使 ... 复杂； 卷入； 使 ... 混乱,1087
1088,n.企业；事业；进取心；谋划,1088
1089,v.娱乐；使有兴趣；招待；考虑；抱有；容纳,1089
1090,v.迷惑；吸引住；奴役 =enthrall.,1090
1091,v.诱使；引诱,1091
1092,n.热情；热心；热衷的事物,1092
1093,vt.取名为；使有权利,1093
1094,vt.取名为；使有权利,1094
1095,n.实体；存在；本质,1095
1096,n.企业家；承包商；主办者,1096
1097,v.诱捕；使陷入圈套,1097
1098,n.进入；进入权；入口；条目,1098
1099,vt.数；列举；枚举,1099
1100,v.清晰地发音；(清楚地)表达；阐述，宣布,1100
1101,n.外交使节；特使,1101
1102,vt.包封；遮盖；包围,1102
1103,n. 时期； 时代； 新纪元； 划时代的大事； <地质>世,1103
1104,n.一段情节；片段；轶事；插曲,1104
1105,adj.相等的；平等的 vt.比得上；等于 n.同辈；平等；(同等的)人或事物,1105
1106,v.同等看待；等同；使相等,1106
1107,n.相等；均衡；方程式；等式,1107
1108,n.赤道,1108
1109,n.平衡；均衡；平静,1109
1110,adj.公平的；公正的,1110
1111,n.设备；装备；器材,1111
1112,adj.等价的 相等的 n.相等物,1112
1113,vi.说模棱两可的话；支吾其词,1113
1114,adj.模棱两可的；意义不明确的,1114
1115,vt.腐蚀；侵蚀 vi.受到侵蚀,1115
1116,vt.使竖立；建立；建造 adj.直立的；竖立的；笔直的,1116
1117,n.腐蚀；侵蚀；减少，流失,1117
1118,v.犯错；做错,1118
1119,adj.古怪的；飘忽不定的；不稳定的,1119
1120,adj.错误的；不正确的,1120
1121,v.爆发；喷发；发疹,1121
1122,v.逃跑；逃脱；逃避；被忘掉；泄露；去度假 n.逃跑；逃脱；逃避；泄露；度假；,1122
1123,vt.避开；回避；戒绝,1123
1124,n.护送者；护航舰；陪伴者；陪游；妓女 vt.护送；陪伴,1124
1125,adj.本质的；必要的；重要的 n.要素；必需品,1125
1126,n.尊敬 vt.尊敬；认为,1126
1127,adj.〈旧或文〉值得尊敬的；可估计的,1127
1128,n.估价；估计 v.估计；估价；评价,1128
1129,adj.永久的；永恒的 n.永恒的事,1129
1130,n.道德规范；道德标准；伦理学,1130
1131,adj.种族的；民族的；有民族特色的 n.少数民族的一员,1131
1132,n.礼仪；礼节；规矩,1132
1133,v.抹去；擦掉；,1133
1134,adj.悦耳的,1134
1135,v.疏散；撤出；排泄,1135
1136,v.逃避；躲避；规避,1136
1137,vt.评价；评估,1137
1138,v.蒸发；失去水分；消失,1138
1139,n.逃避；躲避；借口,1139
1140,adj.逃避的；难以捉摸的；闪烁其词的,1140
1141,adj.平坦的；平和的；偶数的；相等的 adv.甚至；正当；更；恰好 v.使平坦；相等,1141
1142,adj.最终的；可能的,1142
1143,adj.明白的；明显的,1143
1144,vt.唤起；引起,1144
1145,adj.进化的；发展的；演变的,1145
1146,v.(使)逐步形成；(使)逐步演变；进化,1146
1147,adj.严格的；吃力的 动词exact的现在分词形式.,1147
1148,v.赞扬；提升；加强,1148
1149,vt.夸张；夸大；对...言过其实 vi.夸张；夸大其词,1149
1150,adj.高位的；高尚的；欣喜的 动词exalt的过去式和过去分词.,1150
1151,v.使 ... 恼怒；激怒；使恶化 adj.被激怒的；表面粗糙的,1151
1152,n.证据；证词；根据；迹象 v.证明；证实,1152
1153,v.挖掘；挖开；发掘（古物）,1153
1154,n.例外；不合规则；反对；,1154
1155,adj.杰出的；优秀的；极好的,1155
1156,n.摘录 vt.摘录；引用,1156
1157,adj.异常的；例外的；特别的；杰出的,1157
1158,n.超过；过量；过剩 adj.过量的；额外的,1158
1159,adj.过分的；过多的,1159
1160,v.交换；兑换 n.交换；交易所；兑换；交战,1160
1161,n.激动；兴奋,1161
1162,v.大叫；呼喊；大声说出,1162
1163,vt.排除；阻止；拒绝接受,1163
1164,n.排除；除外；逐出,1164
1165,adj.排外的；独占的；唯一的；完整的；奢华的 n.独家新闻；独权,1165
1166,vt.原谅；辩解 n.理由；辩解；借口,1166
1167,adj.可仿效的；模范的,1167
1168,vt.例证；示范,1168
1169,adj.免除的 vt.免除 n.免税者；被免除义务者,1169
1170,vt.运用；施加,1170
1171,v.呼气；散发,1171
1172,adj.彻底的；详尽的；消耗的,1172
1173,v.使筋疲力尽；耗尽；详尽论述 n.排气装置；废气,1173
1174,v.展览；陈列；展示；表现 n.展品；展览,1174
1175,v.掘出(尸体以检验)；发掘,1175
1176,v.存在；生存；活着,1176
1177,n.放逐；流放；被放逐者 vt.放逐；流放,1177
1178,n.出口；退场 v.离去；退出,1178
1179,n.大批的离去 Exodus：（《圣经·旧约》中的）出埃及记.,1179
1180,adj.(价格等)过高的；过分的；不合法的,1180
1181,adj.外来的；异国的；奇异的；脱衣舞的,1181
1182,adj.易膨胀的；广阔的；滔滔不绝的；健谈的,1182
1183,vt.加速；加快；有助于,1183
1184,n.远征；探险队；迅速,1184
1185,adj.权宜的；有用的 n.权宜之计；临时手段,1185
1186,adj.〈正式或文〉迅速而有效率的；迅速完成的,1186
1187,adj.有经验的,1187
1188,n.专门知识；专门技术；专家的意见,1188
1189,vi.终止；期满；失效；呼气；断气,1189
1190,adj.明确的；清晰的；清楚的；露骨的,1190
1191,vi.爆炸；激增；爆发 vt.使爆炸；驳倒,1191
1192,vt.剥削；利用；开发；开拓 n.功绩；英勇行为,1192
1193,v.探测；探险；考察；探究,1193
1194,adj.爆炸(性)的；引发争论的；大声的 n.炸药,1194
1195,n.暴露；揭露；胶片；曝光时间；(在电视、报纸等媒体上的)亮相；挨冻,1195
1196,v.详细说明；阐述；解释,1196
1197,adj.精挑细选的；精致的；细腻的；强烈的 n.过分在意外表着装的人,1197
1198,n.【C】拥护者；说明者；楷模；指数,1198
1199,adj.即兴的；不用讲稿的；临时的；权宜的,1199
1200,adj.现存的,1200
1201,n.延长；伸展；延期；扩充；观念发展；增强 n.电话分机；特别课程 n.,1201
1202,adj.广泛的；广阔的；广大的；大量的,1202
1203,vt. <古>减轻； 使人原谅； 使变瘦,1203
1204,vt.消灭；扑灭；根绝,1204
1205,adj.外来的；外部的；外面的；表面的 n.外观；外部；外界事物,1205
1206,adj.灭绝的；熄灭的；消亡的,1206
1207,n.消失；消减；废止,1207
1208,v.颂扬；称赞,1208
1209,v.勒索；敲诈；强要,1209
1210,vt.熄灭；扑灭；消灭；使破灭；偿清,1210
1211,adj.外来的；无关的,1211
1212,adj.奢侈的；浪费的；过度的；大量的,1212
1213,v.使解脱；救出,1213
1214,v.流出；渗出,1214
1215,n.目击者；见证人,1215
1216,v.编造；虚构；制造,1216
1217,adj.非常高兴的；欢腾的,1217
1218,n.小平面；方面；刻面,1218
1219,adj.（常为不当地）引人发笑的；诙谐的,1219
1220,n.设备；设施；才能；资质；灵巧；熟练,1220
1221,adj.易做到的；轻易完成的；麻利的,1221
1222,adj.内讧的；闹派别的,1222
1223,adj.微弱的；无力的；模糊的 v.昏倒 n.昏厥；昏倒,1223
1224,adj.忠诚的；忠实的；忠贞的,1224
1225,adj.易犯错误的；可能不正确的,1225
1226,vt.使熟悉,1226
1227,v.（使）挨饿；（使）饥饿,1227
1228,n.狂热者；极端分子；盲信者 adj.狂热的；盲信的,1228
1229,n.狂热；盲从,1229
1230,n.幻想 v.幻想,1230
1231,n.闹剧；胡闹；滑稽戏 v.添加笑料；填充,1231
1232,vt.使 ... 入迷；吸引住 vi.有吸引力,1232
1233,adj.流行的；时髦的,1233
1234,n.宿命论,1234
1235,adj.愚昧的；发呆的；愚笨的,1235
1236,adj.可行的；可能的,1236
1237,adj.宿命的；重大的；决定性的,1237
1238,n.技艺；功绩；技艺表演,1238
1239,adj.虚弱的；无力的,1239
1240,vt.假装；捏造 vi.假装；装作,1240
1241,n.发酵；骚动,1241
1242,adj.残忍的；凶猛的；极度的,1242
1243,n.白鼬；雪貂 v.用雪貂打猎；搜出,1243
1244,adj.肥沃的；富饶的；能繁殖的；多产的；（创造力）丰富的,1244
1245,n.肥料,1245
1246,adj.热情的；强烈的；炎热的；热心的,1246
1247,v.溃烂；化脓；恶化 n.脓疮；溃烂,1247
1248,v.为 ... 上脚镣；束缚；限制 n.脚镣；桎梏,1248
1249,n.长期不和；争执 n.封地 v.长期斗争；结世仇,1249
1250,adj.发烧的；兴奋的,1250
1251,adj.变幻无常的；易变的,1251
1252,n.小说；虚构；杜撰,1252
1253,adj.假想的；虚假的；虚伪的,1253
1254,n.忠实；忠诚；准确性；保真度,1254
1255,n.虚构的东西,1255
1256,n.名义领袖,1256
1257,adj.污秽的；肮脏的；下流的；卑劣的,1257
1258,adj.最终的；最后的；决定性的；不可改变的 n.决赛；大学毕业考试；期终考试,1258
1259,n.金融；财政；资金 vt.给 ... 提供资金；负担经费,1259
1260,n.雀类,1260
1261,adj.（味道或气味）象鱼的；可疑的,1261
1262,n.公司；商行 adj.坚定的；结实的；坚固的；严格的 v.(使)变得坚实；确定 adv.稳固地；坚定地,1262
1263,adj.断断续续的；一阵阵的,1263
1264,adj.合适的；恰当的 n.试穿；配件；装配 动词fit的现在分词和动名词形式.,1264
1265,adj.固定的；不变的；确定的 动词fix的过去式和过去分词.,1265
1266,n.固定物；固定装置；固定成员；【机】夹具,1266
1267,n.闪光；闪光信号；,1267
1268,v.奉承；恭维；取悦；显得好看,1268
1269,v.剥皮；去皮；抢夺；痛责,1269
1270,n.味道；风味；韵味 vt.给...加味；给...增添风趣,1270
1271,n.瑕疵；缺陷；破绽；裂缝 v.使破裂；有瑕疵,1271
1272,adj.适宜的；合适的；健康的 v.适合；安装 n.发作；适宜,1272
1273,adj.好的；优质的；精致的；晴朗的；健康的；细微的 adv.合适地；恰好地 n.罚款；罚金；结尾 v.罚款；优化；净化；细化,1273
1274,vi.逃走；消失；逃避；(时间)飞逝 vt.逃离,1274
1275,adj.柔韧的；灵活的；易弯曲的；可变通的,1275
1276,n.闪烁；闪光；颤动 v.闪动；闪烁；摇动,1276
1277,adj.轻浮的；不负责任的；反复无常的,1277
1278,adj.轻而薄得；易坏的；不足信的 n.复写纸；薄纸副本,1278
1279,v.藐视；轻视；嘲笑 n.嘲弄；轻视,1279
1280,vt.掷；轻击；弹 vi.翻转 n.（跳水或体操动作中的）空翻；轻弹；浏览 adj.无礼的；冒失的；轻率的,1280
1281,n.植物；群落 （大写）Flora：,1281
1282,v.挣扎；踌躇；笨拙而错乱地说或做 n.挣扎；错乱的行动 n.比目鱼；鲽,1282
1283,adj.流利的；流畅的,1283
1284,adj.毛绒绒的；蓬松的；空洞的,1284
1285,v.冲洗；发红；将某人赶出 n.脸红；冲洗；(纸牌)同花牌；,1285
1286,vi.波动；动摇；起伏 vt.使动摇,1286
1287,n.慌乱；狼狈；混乱 v.使酩醉；慌张；混乱,1287
1288,n.泡沫；汗 v.起泡沫；吐口沫；愤怒；沸腾,1288
1289,n.雾；朦胧；迷惑 v.以雾笼罩；使模糊；迷惑,1289
1290,n.钝头剑；箔；陪衬物；（击剑运动用的）花剑 vt.挫败；击退；阻挠,1290
1291,v.煽动；引发；激起；,1291
1292,adj.最重要的；最初的 adv.在最前面,1292
1293,vt.禁止；阻止；不许,1293
1294,n.敌人；仇敌,1294
1295,n.先驱；祖先；预兆；,1295
1296,n.远见；深谋远虑,1296
1297,v.预见；预知,1297
1298,v.领先；占先一步；先发制人，阻止，妨碍,1298
1299,v.预言；预告；预示,1299
1300,vt.锻造；伪造；建立 vi.伪造；做铁匠 n.锻炉；铁匠铺；锻造车间,1300
1301,adj.正式的；正规的；形式的；公开的；拘谨的；有条理的,1301
1302,adj.强大的；可怕的；难对付的,1302
1303,adj.前者的；前任的；以前的 n.创造者；<英>学校某一年级的学生,1303
1304,adj.孤独的；凄凉的；渺茫的,1304
1305,v.放弃；断念；抛弃,1305
1306,n.堡垒；要塞,1306
1307,adv.向前；向外；露出,1307
1308,n.,1308
1309,adj.直截的；直率的；坦白的,1309
1310,v.加强；增强；筑防御工事于；（物质或精神上）支持或鼓励,1310
1311,n.刚毅；坚毅；不屈不挠,1311
1312,n.堡垒；要塞；防御工事,1312
1313,adj.幸运的；侥幸的；带来幸运的,1313
1314,adj.偶然的；幸运的,1314
1315,n.命运；财产；运气,1315
1316,adj.恶臭的；邪恶的；污秽的；恶劣的；犯规的 n.犯规 v.弄脏；妨碍；犯规,1316
1317,n.禽；禽肉 v.猎捕野禽,1317
1318,n.小部分；少许；分数；片段,1318
1319,n.破碎；骨折 vt.破碎；破裂 vi.断裂,1319
1320,adj.易碎的；脆的；精细的；虚弱的,1320
1321,n.碎片；片段 v.使破碎；分裂,1321
1322,adj.碎片的；碎块的；碎屑状的；零碎的；不完全的,1322
1323,adj.芬香的；馥郁的,1323
1324,adj.坦白的；直率的；真诚的 vt.免费邮寄；使自由出入 n.免费邮寄；弗兰克（人名）,1324
1325,adj.兄弟的；兄弟般的；,1325
1326,adj.脆弱的；虚弱的,1326
1327,n.欺骗；诈欺；骗子,1327
1328,adj.欺诈的；不正的；不诚实的,1328
1329,adj.充满的；伴随的；忧伤的；忧虑的,1329
1330,n.狂乱；狂暴；狂怒,1330
1331,v.(使)烦恼；(使)焦急；(使)磨损；侵蚀 n.烦躁；磨损；焦急 n.,1331
1332,n.摩擦；摩擦力；分歧,1332
1333,n.惊骇；惊恐；<口>怪人,1333
1334,n.皱眉；不悦 v.不同意；皱眉头,1334
1335,adj.寒冷的；冷淡的；(指女性)性冷淡的,1335
1336,adj.不整洁的；臭的 =frowsy.,1336
1337,adj.节俭的；省钱的,1337
1338,vt.挫败；击败；使沮丧；使灰心 adj.无益的；挫败的；挫折的,1338
1339,v.大声呵斥；强烈谴责；使爆发 n.雷酸盐；雷粉,1339
1340,adj.功能的；实用的；起作用的 n.【数】泛函,1340
1341,n.基金 vt.资助；转为(长期贷款),1341
1342,adj.基本的；根本的；重要的 n.基础；基本原理,1342
1343,adj.狂怒的；猛烈的,1343
1344,n.家具；设备，装置；床罩；必要的附属品；【会计】家俬,1344
1345,adj.更远的 adv.进一步地；此外 v.促进；推动,1345
1346,n.愤怒；狂暴；狂怒的人；泼妇 Fury. n.,1346
1347,n.融合；结合；熔合；核聚变,1347
1348,adj.无效的；无用的,1348
1349,adj.过分装饰的；谨慎的；挑剔的；唠叨的，抱怨的,1349
1350,n.<非正式> 细毛；绒毛；警员 v.起毛；（使）变得模糊不清,1350
1351,adj.有利益的；有报酬的；唯利是图的,1351
1352,v.否认；反驳,1352
1353,n.银河；星系；一群杰出的人,1353
1354,n.狂风；一阵（喧闹；笑声等）,1354
1355,adj.英勇的；(男子对女子)殷勤的；华丽的；雄伟的 n.时髦男士；对女子殷勤的男士；求爱者 v.献殷勤,1355
1356,n.美术馆；画廊；顶层楼座；走廊,1356
1357,n.匪徒；歹徒,1357
1358,n.缺口；裂缝；差距；空白,1358
1359,v.贮藏；收集；得到 n.谷仓 Garner. n.加纳(姓氏),1359
1360,n.装饰；装饰品；勒索金 v.装饰；配菜；,1360
1361,n.深的伤口(裂缝等） v.（使）负深伤,1361
1362,n.打扮；装束；外表 v.打扮；穿衣,1362
1363,n.<美>汽油 亦写作gasolene,1363
1364,v.喘气；喘息；渴望 n.喘气,1364
1365,adj.笨拙的；粗鲁的；不善交际的,1365
1366,=gage n.测量仪器；测量标准；（铁道的）轨距；（钢丝等的）直径；（枪管的）口径v.估计；判断；测量,1366
1367,vi.凝视 n.凝视,1367
1368,n.传动装置；齿轮；排挡；工具；装备 v.调整；使适应于；以齿轮连起,1368
1369,n.宝石；珍品；受到宠爱或评价很高的人；松糕 vt.用宝石装饰,1369
1370,adj.普遍的；全面的；一般性的；大致的；笼统的；常规的；总的；首席的 n.将军；一般,1370
1371,v.概括；归纳；使一般化,1371
1372,adv.一般地；通常；普遍地,1372
1373,adj.慷慨的；宽宏大量的；丰厚的；丰盛的；味浓的,1373
1374,adv.宽大地；慷慨地,1374
1375,vt.产生；发生；引起,1375
1376,adj.友好的；(气候)温暖的,1376
1377,n.类型；流派,1377
1378,adj.文雅的；有教养的,1378
1379,n.绅士；名流；贵族们,1379
1380,n.文雅；出身高贵；有教养,1380
1381,adj.真诚的；真正的；真实的；地道的,1381
1382,n.几何；几何学,1382
1383,v.发芽；开始生长,1383
1384,v.嘲笑；讥笑 n.嘲笑；嘲讽话 =jibe.,1384
1385,v.镀金；虚饰 n.协会；行会（=guild),1385
1386,n.腰带；围绕物 vt.以腰带束缚；在 ... 周围绕,1386
1387,n.要点；主旨,1387
1388,adj.冰川(期)的；非常冷的；缓慢的；(人)态度不友善的,1388
1389,n.魔力；魅力 v.迷住,1389
1390,adj.富有魅力的；迷人的,1390
1391,adj.耀眼的；华丽而俗气的；明显的；怒视的 动词glare的现在分词.,1391
1392,v.装以玻璃；上釉；变得光滑；变呆滞 n.釉；覆罩的一层,1392
1393,v.闪烁；隐约地闪现 n.微光；闪光；闪现,1393
1394,v.拾落穗；收集,1394
1395,v.滑动；滑翔；溜走 n.滑动；滑过；滑音,1395
1396,adj.愉快的；极快乐的,1396
1397,n.黑暗；阴暗；忧郁 v.(使)变黑；(使)变忧郁,1397
1398,adj.阴暗的；忧闷的；前景黯淡的,1398
1399,n.词汇表；术语汇编,1399
1400,adj.光荣的；辉煌的；<口>愉快的,1400
1401,adj.光滑的；有光泽的,1401
1402,v.咬；折磨；侵蚀,1402
1403,n.峡谷；咽喉；大量食物；饱食；阻碍物；厌恶 vt.暴食；贪婪地吞咽 vi.狼吞虎咽,1403
1404,adj.华丽的；灿烂的；极好的,1404
1405,n.流言蜚语；爱说长道短的人；闲话 vi.散播(流言蜚语),1405
1406,v.统治；支配；管理；规定；控制,1406
1407,v.抓住；攫取 n.抓取物；抓,1407
1408,adj.亲切的；高尚的；仁慈的；和蔼的；优雅的,1408
1409,n.把握；领会；抓紧 vt.领会；抓住；紧握,1409
1410,adj.重大的；豪华的；宏伟的；壮丽的 n.大钢琴；一千美元,1410
1411,v.使满足；使高兴,1411
1412,adj.感激的；令人愉快的,1412
1413,n.感激；感谢；感恩,1413
1414,adj.无缘无故的；无必要的；免费的,1414
1415,n.重力；庄重；严重；严肃,1415
1416,n.油脂 vt.用油脂涂；上油；贿赂,1416
1417,adj.贪婪的,1417
1418,adj.油腻的；滑溜溜的；油滑的,1418
1419,n.委屈；冤情；苦况,1419
1420,adj.爱社交的；群居的,1420
1421,伤心的,1421
1422,vt.使伤心；使悲伤 vi.悲伤；伤心,1422
1423,adj.严厉的；冷酷的；可怕的；不愉快的,1423
1424,v.磨；压迫；碾碎；磨得吱吱响；逐渐停顿 n.苦事；磨；碾,1424
1425,n.紧握；手提包；了解；手柄 vt.吸引；紧抓,1425
1426,adj.令人不愉快的；不舒服的；可恶的；肮脏的,1426
1427,n.怨恨；恶意 vt.不愿；吝惜；嫉妒,1427
1428,v.(暗中)摸索；探索；<口>(调情时)抚摸…身体,1428
1429,v.发牢骚；抱怨；轰鸣 n.怨言；牢骚；轰隆声,1429
1430,adj.性情乖戾的；脾气暴躁的,1430
1431,n.保证；保证书；担保；担保人；抵押品 vt.保证；担保,1431
1432,adj.不狡猾的；诚实的,1432
1433,n.装束；外观；伪装；借口,1433
1434,v.迸出；涌出；滔滔不绝地说 n.涌出,1434
1435,adj.（指词语﹑ 言辞等）陈腐的；老生常谈的 动词hackney的过去式和过去分词形式.,1435
1436,vi.争论；讨价还价 vt.乱砍 n.讨价还价；争论,1436
1437,vt.妨碍；阻止 n.大篮子,1437
1438,adj.方便的；手边的；灵巧的；近便的；现成的,1438
1439,n.障碍 vt.妨碍,1439
1440,n.冰雹 vi.下冰雹 vt.招呼；喝彩；宣称；来自 n.欢呼,1440
1441,v.处理；对待；操作；触；买卖 n.把手；柄,1441
1442,adj.偶然的；随意的；杂乱无章的 adv.杂乱地；任意地 n.偶然,1442
1443,vt.使疲乏；骚扰,1443
1444,n.停止；止步 v.停止；中止；暂停 v.踌躇；犹豫；跛行,1444
1445,adj.顽固的；现实的；冷静的；脚踏实地的,1445
1446,adv.几乎不；简直不；刚刚,1446
1447,adj.强壮的；勇敢的；能吃苦耐劳的；耐寒的,1447
1448,n.马具；安全带；甲胄；系在身上的绳子 vt.束以马具；披上甲胄；利用；管理；控制,1448
1449,adj.粗糙的；严厉的，严酷的；刺耳的；使人不舒服的；大约的,1449
1450,vt.不断骚扰；打扰；侵扰；侵掠 n.哈里（人名）,1450
1451,v.催促；赶快；加速,1451
1452,n.收成；收获；收割；成果；后果 v.收获；收割,1452
1453,adj.匆匆的；轻率的；急忙的,1453
1454,n.孵化；舱口，舱口盖 v.孵；孵出；策划,1454
1455,n.短柄小斧；战斧,1455
1456,n.仇恨；憎恨；敌意；怨恨,1456
1457,adj.傲慢的；自大的；骄傲的,1457
1458,v.拖；拉；拖运 v.（使船）改变方向 n.拖；拉；搬运,1458
1459,n.常到的地方 vt.缠住；常到；出没(像鬼魂一样) vi.徘徊；出没(像鬼魂一样),1459
1460,n.港口；避难所 v.安置 ... 于港中；庇护,1460
1461,n.危险；冒险；危害 vt.冒险；赌运气 阿扎尔（英超切尔西队球员）,1461
1462,adj.危险的；冒险的；碰运气的,1462
1463,adj.顽固的；刚愎的；任性的,1463
1464,vt.治愈；使恢复健康；使和解 vi.痊愈,1464
1465,adj.有益健康的；使人健康的；卫生的,1465
1466,n.传闻,1466
1467,adj.忙乱的；兴奋的；,1467
1468,v.用力举起；抛出；扔；恶心；（费力地）发出（叹息等） n.举；抛；起伏,1468
1469,n.继承权,1469
1470,adj.不注意的；不留心的,1470
1471,adj.无助的；无依靠的,1471
1472,n.头部；头脑；顶端；领袖；硬币的正面 v.前进；为首；朝向 adj.首要的；前面的,1472
1473,n.遗传；遗传特征,1473
1474,n.异端；异教；反面观点,1474
1475,n.遗产；继承物,1475
1476,n.隐士；遁世者,1476
1477,v.砍；劈；砍倒；砍成；固守；开辟 abbr.(美)卫生、教育及福利部(=Department of Health；Education；and Welfare),1477
1478,vi.犹豫；不情愿；口吃,1478
1479,adj.丑陋的；可怕的；可憎的；令人惊骇的,1479
1480,vt.强调；照亮；加亮；使 ... 显得重要；使突出 n.加亮区；精彩部分；最重要的细节或事件；闪光点 ,1480
1481,n.徒步旅行；远足；涨价 vi.远足；提高,1481
1482,adj.欢闹的；愉快的,1482
1483,v.阻碍；打扰 adj.后面的,1483
1484,n.欢喜；高兴；兴高采烈,1484
1485,n.铰链；关键 vt.用铰链装 vi.依情况而定,1485
1486,n.铰链；关键 vt.用铰链装 vi.依情况而定,1486
1487,adj.沙哑的；嘶哑的；刺耳的,1487
1488,v.欺骗；哄骗；愚弄 n.愚弄人；恶作剧,1488
1489,v.升起；升高；举起 n.起重机；升高,1489
1490,n.大屠杀；浩劫；燔祭,1490
1491,n.杀人；杀人者,1491
1492,n.敬意；效忠,1492
1493,adj.同质的；同种的；相似的,1493
1494,n.恐怖；战栗；厌恶；震惊 adj.恐怖的,1494
1495,adj.水平的；横的 n.水平线；水平面,1495
1496,adj.好客的；殷勤的；易于接受的；宜人的,1496
1497,adj.敌对的；怀敌意的,1497
1498,n.长嚎；高声叫喊；啸鸣 v.嚎叫；大声哭；吼叫着说出,1498
1499,n.嘈杂；喧哗,1499
1500,adj.潮湿的,1500
1501,adj.人的；人类的；有人性的；人本性的 n.人；人类,1501
1502,adj.仁慈的；人道的,1502
1503,n.湿度；湿气,1503
1504,vt.使 ... 蒙羞；使丢脸,1504
1505,adj.幽默的；诙谐的,1505
1506,n.栏干；障碍 ,1506
1507,n. 饥饿； 渴望 v. 饿； 渴望； 使 ... 饥饿,1507
1508,v.用力投掷；愤慨地说出；丢下,1508
1509,n.飓风；暴风,1509
1510,n.驼背；圆形隆起物；土墩；肿块；碰撞；恼火 v.使隆起；碰撞；敲击成圆丘形；弓起,1510
1511,n.农事；耕作；农牧业；节约（资源）,1511
1512,v.催促；赶紧做；推搡；<俚>(不正当)买卖；欺诈 n.忙乱；推搡；<俚>欺诈行为,1512
1513,n.混合物；杂种；混血儿 adj.杂种的；混合的,1513
1514,n.卫生；卫生学,1514
1515,n.假说；假设；前提；猜测,1515
1516,adj.同一的；相同的,1516
1517,n.意识形态；空论；观念学,1517
1518,vt.鉴定；识别，辨认出，认出；认明；把…看成一样 vi.认同；感同身受,1518
1519,n.愚蠢；白痴行为,1519
1520,n.特质,1520
1521,adj.愚蠢的,1521
1522,n.白痴；傻瓜；笨蛋,1522
1523,n.偶像 n.菩萨,1523
1524,adj.田园诗的；田园的,1524
1525,vi.着火；燃烧 vt.点燃；使 ... 燃烧；引发,1525
1526,adj.平民的；卑贱的；卑鄙的；不光彩的,1526
1527,adj.可耻的；不名誉的,1527
1528,n.无知；愚昧,1528
1529,adj.无知的；愚昧的；不知道的,1529
1530,vt.忽视；不理；不顾,1530
1531,adj.难辨认的；(字迹)模糊的,1531
1532,adj.非法的；私生的；不合规则的,1532
1533,adj.非法的；违禁的；不正当的,1533
1534,adj.文盲的；无知的 n.文盲,1534
1535,vt.照明；阐释；说明,1535
1536,n.错觉；幻觉；错误的信仰(或观念),1536
1537,vt.说明；（为书）作插图；图解 vi.举例说明；发亮,1537
1538,adj.著名的；杰出的,1538
1539,adj.想象的；虚构的,1539
1540,adj.富于想象力的,1540
1541,v.饮；吸收；吸入,1541
1542,v.灌输；使感染；使充满,1542
1543,vt.仿效；仿制；模仿,1543
1544,adj.直接的；最接近的；立即的；目前的,1544
1545,adj.巨大的；广大的；<口>非常好的,1545
1546,vt.浸；陷入,1546
1547,v.移居入境,1547
1548,adj.逼近的；即将发生的,1548
1549,adj.不动的；不能活动的；不变的；静止的,1549
1550,adj.不朽的；永世的 n.不朽的人物；神,1550
1551,adj.免疫的；免除的,1551
1552,n.影响；冲击力；撞击 vt.挤入；压紧；撞击；对 ... 发生影响 vi.冲击；撞击；产生影响,1552
1553,vt.损害；削弱 ,1553
1554,v.刺穿；钉住；使陷入困境,1554
1555,vt.传授；赋予；告知,1555
1556,adj.公正的；不偏不倚的,1556
1557,adj.慷慨激昂的；热烈的 动词impassion的过去式和过去分词形式.,1557
1558,adj.无感情的；无表情的；冷漠的；平静的,1558
1559,adj.不耐烦的；急躁的,1559
1560,v.归咎；怀疑；控告；弹劾,1560
1561,adj.无懈可击的；无瑕疵的,1561
1562,adj.紧要的；必要的；祈使的 n.紧要的事；命令；义务；驱使,1562
1563,v.驱使；激励,1563
1564,adj.鲁莽的；无礼的；粗鲁的；离题的,1564
1565,adj.不能渗透的；不为所动的,1565
1566,adj.冲动的；猛烈的；轻率的,1566
1567,n.推动力；刺激,1567
1568,n.工具；器具；当工具的物品 vt.实施；执行；向 ... 提供工具(或手段),1568
1569,n.工具；器具；当工具的物品 vt.实施；执行；向 ... 提供工具(或手段),1569
1570,vt.牵涉；意味着；暗示,1570
1571,adj.含蓄的；绝对的；无疑问的；固有的；无保留的；暗示的,1571
1572,adj.令人难忘的；壮丽的 动词impose的现在分词.,1572
1573,n.无能；,1573
1574,adj.令人难忘地；令人印象深刻地,1574
1575,n.【U】监禁；关押；禁锢,1575
1576,n.印象派；印象主义,1576
1577,adj.即席的；即兴的，临时的 adv.即兴地，无准备地 n.即兴之作；即兴曲,1577
1578,n.不适当；不正确；用词错误；不得体,1578
1579,adj.不顾将来的；无远见的；不节约的；不经济的,1579
1580,v.即兴创作；即兴表演；临时准备,1580
1581,adj.轻率的；不谨慎的,1581
1582,adj.无礼的；鲁莽的；卑鄙的,1582
1583,adj.冲动的；任性的 n.(引起冲动的)原因,1583
1584,n.冲动；心血来潮；神经冲动；,1584
1585,n.不受惩罚；免罚,1585
1586,n.不纯；杂质,1586
1587,v.归罪于；负责任；嫁祸,1587
1588,adj.天生的；生来的,1588
1589,v.举行就职典礼；举行仪式；开始；开创,1589
1590,v.使不能；使不适于,1590
1591,adj.不纯的；肮脏的；渎神的,1591
1592,n.香；阿谀 vt.对 ... 敬香；熏香；激怒,1592
1593,adj.刺激的；鼓励的 n.刺激；鼓励；动机,1593
1594,adj.不断的；无尽的,1594
1595,adj.起初的；初期的,1595
1596,adj.一针见血的；敏锐的,1596
1597,v.煽动；刺激；激励,1597
1598,adj. 倾向于 ... 的,1598
1599,adj.不连贯的；语无伦次的,1599
1600,adj.不相容的；不能并存的；矛盾的,1600
1601,adj.无能力的；不称职的；不能胜任的 n.没有能力的人,1601
1602,adj.不可思议的；难以置信的,1602
1603,n.不调和；不一致；不配合,1603
1604,adj.不协调的；不一致的；前后不一的,1604
1605,adj.（道德上）不受腐蚀的（如不受贿）；不可摧毁的,1605
1606,adj.难以置信的；惊人的,1606
1607,n.不轻信,1607
1608,v.牵连；控告；使负罪,1608
1609,vt.招致；遭受；惹起,1609
1610,adj.下流的；不妥当的,1610
1611,adj.不知疲倦的；不屈不挠的,1611
1612,adj.模糊的；不确定的；无限期的,1612
1613,n.订货单 n.凹痕 v.切割成锯齿状；缩排；定货,1613
1614,n.保证；赔偿；保险,1614
1615,v.指示；象征；显示；暗示，预示 v.表明；指明,1615
1616,n.起诉；控告；起诉状,1616
1617,adj.漠不关心的；无关紧要的；平凡的；中立的,1617
1618,adj.土生土长的；本地的；天生的,1618
1619,adj.贫穷的；贫困的；<古>欠缺的,1619
1620,adj.愤慨的；愤愤不平的,1620
1621,adj.不屈不挠的,1621
1622,adj.懒惰的；慢性的,1622
1623,vt.引起；促使；劝服；引诱,1623
1624,adj.工业的；产业的 n.工业公司,1624
1625,adj.勤劳的；勤奋的,1625
1626,n.侮辱；轻蔑；有伤尊严,1626
1627,adj.无被选任资格的；不适任的；不适当的 n.无被选任资格的人；不合录用资格的人,1627
1628,adj.不适当的；无能的；笨拙的,1628
1629,adj.无行动的；惰性的；迟钝的,1629
1630,adj.不活泼的；惯性的,1630
1631,adj.不可避免的；必然(发生)的,1631
1632,adj.绝无错误的；绝对可靠的,1632
1633,adj.无耻的；臭名昭著的,1633
1634,adj.传染的；有感染力的,1634
1635,vt.传染；感染,1635
1636,adj.较低的；次等的；不如的；下级的 n.下级；属下；,1636
1637,n.通货膨胀；膨胀,1637
1638,vt.推断；猜测；暗示 vi.作出推论,1638
1639,adj.不可弯曲的；僵硬的；顽固的；不可改变的；不容变更的,1639
1640,vt.使遭受；施以；加害；折磨,1640
1641,adj.有权势的；有影响的 n.有影响力的人物,1641
1642,n.流入；河口；汇集；涌入,1642
1643,adj.非正式的；不拘形式的,1643
1644,v.违反；侵犯,1644
1645,vt.注入；使获得；鼓舞；泡制；倾注（液体）,1645
1646,adj.机灵的；精制的；有独创性的,1646
1647,v.居住于；占据；栖息,1647
1648,adj.固有的；内在的,1648
1649,n.(词)首字母 adj.开始的；最初的；字首的 vt.签姓名的首字母于,1649
1650,n.居民,1650
1651,vt.开始；创始；启蒙；介绍加入 n.创始人 adj.新加入的；启蒙的,1651
1652,v.注射；注入；引入；插入,1652
1653,vt.伤害；损害；损伤,1653
1654,adj.有害的；中伤的,1654
1655,adj.天生的；固有的,1655
1656,adj.清白的；无害的；无辜的；无知的；天真纯洁的,1656
1657,n.创新；革新,1657
1658,adj.无数的；数不清的,1658
1659,adj.过度的；非常的；无法无天的,1659
1660,adj.好奇的；爱打听的；求知欲强的,1660
1661,adj.疯狂的；精神错乱的；荒唐的,1661
1662,v.插入；嵌入 n.插入物,1662
1663,v.暗示；迂回进入；迂回进行；含沙射影的说,1663
1664,vt.坚持；坚决主张 vi.坚持；强调,1664
1665,adj.粗野的；无礼的；厚颜的；无耻的,1665
1666,n.调查；询问；打听；查问 =enquiry(英).,1666
1667,v.检查；视察,1667
1668,vt.安装；安置；使 ... 就职,1668
1669,adj.瞬间的；即刻的,1669
1670,vt.教唆；怂恿；煽动；鼓动,1670
1671,vt.逐渐灌输；滴注,1671
1672,adj.本能的；天性的；直觉的,1672
1673,n.学院；学会；协会 vt.开始；制定；创立,1673
1674,n.仪器；乐器；工具；器械 v.用器械（或仪器）装备；向…提交文书,1674
1675,adj.不顺从的；反抗的,1675
1676,v.教；命令；指导；,1676
1677,adj.令人无法忍受的,1677
1678,adj.仪器的；乐器的；有帮助的；可做为手段的 n.器乐曲；,1678
1679,adj.岛的；岛民的；岛特有的；与世隔绝的；保守的,1679
1680,n.侮辱；辱骂；冒犯 vt.侮辱；辱骂；凌辱,1680
1681,adj.完整的；构成整体所必需的 n.,1681
1682,v.整合；结合；取消隔离；求积分 adj.完整的；组合的,1682
1683,n.完整；完善；正直；诚实,1683
1684,adj.聪明的；智能的,1684
1685,n.凭理智做事者；知识分子 adj.智力的；聪明的,1685
1686,n.智力；理解力 n.情报；情报工作；情报机关,1686
1687,vt.增强；强化；加剧,1687
1688,adj.可理解的；明白易懂的；清楚的,1688
1689,adj.强大的；紧张的；强烈的；激烈的；深刻的,1689
1690,v.仲裁；说情；调解,1690
1691,adj.密集的；彻底的；精细的；强调的 n.(语法)强调成份,1691
1692,n.截取；妨碍；截距 vt.拦截；阻止,1692
1693,n.兴趣；嗜好；利息；股份 v.使…感兴趣,1693
1694,vi.干涉；妨碍,1694
1695,adj.内地的；国内的；内部的 n.内部；内在,1695
1696,v.插话；突然插入,1696
1697,n.中间；中间时间；插曲；介在中间的事件,1697
1698,n.仲裁者；调解者；中介 adj.中间的；媒介的 ,1698
1699,adj.中间的；中级的 n.中间体；调解人；媒介物 vi.调解；干涉,1699
1700,adj.国内的；内部的；身内的,1700
1701,v.质问；讯问；审问,1701
1702,v.打断；打扰；中断；阻碍 n.,1702
1703,v.贯穿；(和 ... )相交；交叉,1703
1704,vi.干涉；干预；介入；调停；插入；阻挠,1704
1705,n.亲密；隐私,1705
1706,adj.亲密的；私人的；关系紧密的 vt.暗示；透露 n.密友,1706
1707,vt.胁迫；威胁；恐吓,1707
1708,vt. 下毒； 使 ... 陶醉,1708
1709,adj.无畏的；刚毅的,1709
1710,adj.复杂的；难懂的,1710
1711,v.闯入；侵入；打扰；干涉,1711
1712,adj.内在的；固有的；本质的,1712
1713,n.直觉；直觉的知识,1713
1714,v.(使)习惯,1714
1715,v.侵略；拥入；侵害；侵扰,1715
1716,adj.无效的；病弱的 n.病人；残疾者 vt.退役；遣送回家,1716
1717,vt.使无效；使作废,1717
1718,adj.无价的；非常珍贵的,1718
1719,n.详细目录；存货(清单) vt.编制(详细目录),1719
1720,adj.倒转的；相反的 n.倒数；相反的事物；(数学)逆反函数；负数,1720
1721,v.调查；研究,1721
1722,v.倒置；反转；颠倒 adj.转化的 n.颠倒物；,1722
1723,adj.吸引人的；诱人的 动词invite的现在分词.,1723
1724,n.祈祷；乞灵；（法律的）实施；,1724
1725,vt.援引；引起；求助；请求；乞灵于 ,1725
1726,adj.不能和解的；不能协调的；矛盾的,1726
1727,adj.不恰当的；无关系的；不相干的,1727
1728,adj.抑制不住的；难以征服的,1728
1729,adj.无可指责的；无过失的,1729
1730,adj.无法抗拒的,1730
1731,adj.优柔寡断的；踌躇不定的；无决断的,1731
1732,adj.不敬的；不逊的；无礼的,1732
1733,adj.不能挽回的；不能取消的；不能变更的,1733
1734,vi.进行灌溉 vt.灌溉；,1734
1735,adj.易怒的；急躁的,1735
1736,v.激怒；使疼痛或发炎,1736
1737,vt.使孤立；隔离 adj.孤立的；单独的,1737
1738,n.议题；问题；期刊号；一次发行额；发行；<律>子女 v.发表；公布；正式发给；发行；流出,1738
1739,adj.妒忌的；羡慕的；嫉妒的,1739
1740,v.嘲弄；揶揄；奚落 n.嘲笑；讥评,1740
1741,adj.巡回的；流动的 n.巡回者,1741
1742,n.水母；海蜇；意志薄弱的人,1742
1743,n.危险,1743
1744,v.急动；猛拉 n.猛拉；急动；笨蛋；<俚> 蠢人 adj.颠簸不稳的,1744
1745,n.震摇；摇动；震惊；少量 vt.颠簸；敲击；动摇；震动 vi.颠簸而行,1745
1746,adj.充满快乐的；使人高兴的,1746
1747,n.判断；判决；审判；评价；意见,1747
1748,vi.掺杂；混杂 vt.使混乱；搞乱 n.混杂；混乱 n.环形小甜饼,1748
1749,n.连接；会合处；交叉点,1749
1750,adv.公正地；理由充分地；正当地,1750
1751,n.管辖权；司法权；审判权；控制权,1751
1752,n.时刻；关头；接合；连接；,1752
1753,adj.青少年的；幼稚的 n.青少年；青少年读物；幼雏；扮演少年的演员,1753
1754,v.绑架,1754
1755,v.燃烧；使 ... 着火；激起；发亮,1755
1756,n.王国；领域；界 Kingdom：天国.,1756
1757,adj.博学的，有见识的,1757
1758,vt.替 ... 辩护；证明 ... 正当；调整版面,1758
1759,n.迷宫；难解的事件,1759
1760,n.悲叹；悼词 v.哀悼；惋惜；悲叹,1760
1761,v.落后；减退；缓慢进行 n.落后；时间间隔,1761
1762,adj.不活泼的；无精打采的；迟缓的,1762
1763,n.陆地；国土；土地 v.靠岸；着陆；跌落地面；得到；使靠岸；使着陆,1763
1764,v.衰弱无力；失去活力；受苦；憔悴,1764
1765,n.鞭子；鞭打；睫毛；讽刺 v.鞭打；摆动；抨击,1765
1766,adj.永久的；永恒的 动词last的现在分词.,1766
1767,adv.最近,1767
1768,n.纬度；自由,1768
1769,v.赞美 n.颂歌；赞美,1769
1770,adj.值得称赞的,1770
1771,v.发起；推出（新产品）；发射；使(船)下水 n.发射；产品推介,1771
1772,n.月桂树；荣誉 v.戴桂冠；授予荣誉,1772
1773,adj.大方的；丰富的；浪费的 vt.浪费；慷慨给予,1773
1774,n.草坪；草地,1774
1775,n.诉讼；控诉,1775
1776,adj.领导的；指导的；主要的；在前的,1776
1777,n.种类；社团；联盟；同盟；里格（长度单位，约为3英里或3海里） v.（使）结盟,1777
1778,v.渗；漏；泄露 n.漏洞；泄露,1778
1779,n.租约；租契；租期 vt.出租；租得,1779
1780,n.(系狗的)皮带；控制；约束 n.（打猎用语）三只；三个一组 v.用皮带控制；束缚,1780
1781,n.架状突出物；壁架；暗礁；岩脊,1781
1782,n.遗赠物；先人或过去遗留下来的东西 adj.,1782
1783,vt.使合法化；法律上认为正当 =legalise（英）,1783
1784,adj.传说的；传奇的；著名的,1784
1785,v.引导；领先；带领；过 ... (的生活)；导致 n.领头位置；主角；榜样；引言；铅,1785
1786,v.制定法律；用立法规定,1786
1787,adj.致命的；危险的；有效的,1787
1788,n.征税；召集 vt.征收；发动 vi.强收,1788
1789,n.联络；(男女间)私通,1789
1790,adj.慷慨的；大方的；开明的；自由主义的 n.自由主义者；开明的人,1790
1791,v.解放；使获得自由；释出；放出,1791
1792,adj.得到许可的；领有执照的 动词licence的过去式和过去分词形式. =licensed.,1792
1793,n.石灰石,1793
1794,n.跛行 adj.柔软的；无力的；软弱的 vi.跛行；蹒跚,1794
1795,adj.清澈的；清晰的,1795
1796,n.语言学,1796
1797,adj.无精打采的,1797
1798,adj.液体的；液态的；清澈的；清脆的；已转化成现款的（财） n.液体,1798
1799,adj.柔软的；易弯的；轻盈的,1799
1800,n.识字的人；受过教育的人；博学的人 adj.有读写能力的；博学的；优美的；精通文学的,1800
1801,n.贷款；借出 v.借；供应货款,1801
1802,v.厌恶；憎恶,1802
1803,adj.不愿意的；勉强的 =loathe；loth.,1803
1804,vt.找出；把 ... 设置在；使坐落于 vi.住下来,1804
1805,adj.高的；崇高的；高尚的；傲慢的,1805
1806,n.原木；圆木；(航海、飞行)日志；(船)计程仪 v.伐木；记入(日志),1806
1807,adj.符合逻辑的；逻辑上的；合理的,1807
1808,n.经度,1808
1809,n.环；圈；回路；环形线路 vt.以圈结；以环连结；使 ... 成环（圈） vi.形成环；环形运动,1809
1810,adj.松的；宽松的；不确切的；不牢固的；放纵的 n.解放；放任；放纵 v.弄松；释放；放枪 adv.松散地,1810
1811,n.掠夺品；赃物；<俚>钱 v.掠夺；洗劫,1811
1812,n.彩票,1812
1813,adj. <俚>静的； 平静的； 安宁的,1813
1814,adj.发光的；发亮的；清楚的；明白易懂的,1814
1815,adj.长的；冗长的；久的；长音的 adv.长期地；久地；用于名词后强调某事发生在某整段时间 v.渴望 n.长时间；长音节；囤积商品者,1815
1816,vt.诱惑；吸引 n.诱惑；吸引力；饵,1816
1817,v.潜藏；潜伏；埋伏 n.潜伏；隐藏,1817
1818,n.光彩；荣誉；光泽 v.使 ... 发光辉；有光泽；发亮,1818
1819,adj.健壮的；精力充沛的；贪欲的；欢乐的,1819
1820,adj.繁茂的；丰富的；肥沃的；华丽的；奢华的,1820
1821,adj.奢侈的；豪华的,1821
1822,adj.抒情的 n.抒情诗；歌词,1822
1823,v.使伤残,1823
1824,vt.维持；维修；保养；坚持；断言,1824
1825,n.大多数；多数；多数党；多数派,1825
1826,adj.较多的；主要的；严重的；(音乐)大调的 n.成年人；主修（科目）；陆军少校；举足轻重者 v.主修,1826
1827,n.病；疾病；弊病,1827
1828,adj.不服的；不满的 n.不满者；反叛者,1828
1829,adj.有恶意的；恶毒的,1829
1830,n.恶意；怨恨；蓄意 ,1830
1831,adj.怀恶意的；恶毒的,1831
1832,adj.可塑的；易改变的；有延展性,1832
1833,adj.有害的；恶性的；有恶意的 v.诽谤；中伤；说坏话,1833
1834,n.哺乳动物,1834
1835,n.命令；指令；要求；授权 v.把(某一地区)置于委任管理下,1835
1836,adj.法定的；义务的；强制性的；受委托的 n.受托管理者,1836
1837,n.调动；策略 v.（军队的）调遣；(驱车)移动；操纵；策划 =maneuver(美).,1837
1838,v.碾压；损坏；糟蹋；乱切 n.碾压机,1838
1839,n.多种；复印本；多支管 adj.多种的；多方面的 v.复写；繁殖；增多,1839
1840,n. 狂热； 癖好； ,1840
1841,vt.操纵；操作；控制；利用；(巧妙地)处理；篡改,1841
1842,n.大理石；弹子，弹珠 vt.使有大理石的花纹,1842
1843,n.肥料 vt.施肥,1843
1844,v.（手工）制造；捏造 n.制造；制造业；（复）产品,1844
1845,n.边缘；余地；幅度；利润；差额；页边空白；定金；【商】原价和卖价之差 vt.加边于；为…付保证金,1845
1846,adj.婚姻的,1846
1847,adj.海的；海事的；海生的；航海的 n.海运业；船舶；水兵,1847
1848,adj.海的；海上的；海事的,1848
1849,adj.令人惊异的；非凡的 =<英>marvellous,1849
1850,n.大量；块；众多 adj.大规模的；群众的 v.集中 Mass. n.弥撒曲；弥撒,1850
1851,adj.巨大的；大量的；大规模的；大范围的；严重的,1851
1852,adj.,1852
1853,n.数学,1853
1854,n.迷宫；曲径；迷惑 vt.使迷惑,1854
1855,n.格言；箴言；普遍真理 Maxim: 马克西姆(姓氏).,1855
1856,n.方法；手段；收入；财产 v.意思是，意味（动词mean的第三人称单数）,1856
1857,adj.机械的；力学的；呆板的,1857
1858,n.力学；机械学；(技术的；操作的)过程；手法,1858
1859,v.干涉,1859
1860,v.缓慢而弯曲地流动；漫步；闲聊 n.河流的曲折；漫步；迂回曲折的进程,1860
1861,v.调停；斡旋 adj.居间的；间接的,1861
1862,adj.平庸的；平凡的,1862
1863,v.沉思；冥想；考虑；计划,1863
1864,adj.中等的；适中的 n.手段；媒介；媒体,1864
1865,v.意思是；打算；导致；意味 adj.低劣的；刻薄的；卑鄙的；出色的；吝啬的；平均的；中等的 n.平均值；平均数；中间；中庸,1865
1866,adj.温顺的；谦恭的,1866
1867,adj.适合仆人做的；卑微的 n.佣人；家仆；卑贱的人,1867
1868,n.威胁；恐吓；<口>讨厌的人（物） v.威吓；威胁,1868
1869,vt.修理；修补；改进 vi.改过自新；改进；痊愈 n.修补；改进；修补处,1869
1870,n.商品；货物 v.推销；销售；经营,1870
1871,adj.仁慈的；宽大的,1871
1872,vt.提到；说起 n.提及；说起,1872
1873,v.合并；融合；兼并,1873
1874,n.优点；功绩；价值 v.值得；应得,1874
1875,adj.散乱的；污秽的；麻烦的,1875
1876,n.新陈代谢,1876
1877,adj.有条不紊的；井然的,1877
1878,adv.仔细地；谨慎地；一丝不苟地,1878
1879,adj.强大的；巨大的 adv.很；极其,1879
1880,n.模仿；(动物等)拟态伪装,1880
1881,pron.我的 n.矿；地雷；矿藏 v.采矿；用地雷炸,1881
1882,n.少数；少数民族；未成年,1882
1883,n.分钟；片刻；备忘；会议记录 adj.微小的；仔细的 vt.记录,1883
1884,n.守财奴；吝啬鬼,1884
1885,adj.痛苦的；悲惨的；贫乏的；狼狈的,1885
1886,adj.吝啬的；少量的,1886
1887,n.痛苦；悲惨的境遇；苦难,1887
1888,n.疑虑；怀疑 动词misgive的现在分词.,1888
1889,n.不幸之事；灾祸；恶运,1889
1890,vt.减轻；缓和,1890
1891,v.嘲弄；嘲笑；模仿 n.嘲笑；模仿；戏弄 adj.假的；伪装的；模拟的,1891
1892,adj.谦虚的；适度的；端庄的；有节制的,1892
1893,v.修改；更改；缓和；修饰,1893
1894,adj.适度的；温和的；稳健的；中等的 v.节制；使 ... 稳定，使 ... 缓和 n.稳健的人,1894
1895,v.调整；调节（声音）；变调,1895
1896,adj.潮湿的；湿润的；,1896
1897,v.弄湿；使湿润；变湿,1897
1898,,1898
1899,n.分子；微粒,1899
1900,v.安慰；安抚；平息,1900
1901,adj.重要的；重大的,1901
1902,n.帝王；统治者；君主 n.君王斑点蝶,1902
1903,v.监视；监督；监听 n.班长；监视器；监听员；,1903
1904,adj.单调的,1904
1905,n.怪物；恶人；巨物 adj.巨大的；庞大的,1905
1906,n.士气；斗志；道德准则,1906
1907,n.笨人,1907
1908,adj.致命的；终有一死的；不共戴天的；极度的 n.凡人,1908
1909,adj.病态的；不正常的,1909
1910,adv.主要地；通常,1910
1911,n.（音乐的）动机；主题；意念；装饰图案,1911
1912,n.移动；动作；打手势；示意；提议；大便 v.示意；运动；向 ... 打手势,1912
1913,n.动机；动力；刺激；积极性,1913
1914,n.大量；多数；群众,1914
1915,n.混乱；糊涂 vt.使混乱；使糊涂；弄糟 vi.胡乱应付；混乱,1915
1916,adj.慷慨的；大方的,1916
1917,adj.神秘的；不可思议的,1917
1918,n.变化；突变；变异,1918
1919,adj.共同的；相互的,1919
1920,n.国籍；民族,1920
1921,adj.自然的；天然的；私生的,1921
1922,adj.顽皮的；淘气的；不妥的,1922
1923,adj.海军的；军舰的,1923
1924,n.导航；航行；航海,1924
1925,adj.贫穷的；缺乏的 n.贫穷的人,1925
1926,adv.几乎；差不多；密切地,1926
1927,vt.忽略；忽视；疏忽 n.疏忽；忽视,1927
1928,adj.疏忽的；粗心的；不在意的,1928
1929,n.疏忽；不修边幅；渎职,1929
1930,vi.谈判；协商；交涉 vt.谈判达成；成功越过；议价出售,1930
1931,adj.神经的，神经细胞的，神经性的；焦虑的；神经质的，紧张的，不安的；易兴奋的,1931
1932,adj.中立的；中性的；空档的；素净色的 n.中立者；空挡位置,1932
1933,v.使中立；使无效；中和,1933
1934,v.一点点地咬；轻咬；吹毛求疵；（审慎地）表示有意接受 n.轻咬；少量,1934
1935,adj.敏捷的；伶俐的；机敏的,1935
1936,adj.在夜间的；（指生物）夜间活动的,1936
1937,vt.提名；指派；登记赛马参加比赛,1937
1938,n.废话；胡说；荒唐,1938
1939,n.乡愁；向往过去；怀旧之情,1939
1940,v.点头；打盹；（使）摆动 n.点头；同意,1940
1941,adj.显著的；著名的 n.名人,1941
1942,adj.著名的；有声望的 动词note的过去式和过去分词形式,1942
1943,adj.臭名昭著的,1943
1944,n.【C】新奇；小装饰 n.【U】新奇的事物；新奇的经验,1944
1945,n.新手；新信徒,1945
1946,adj.无效的；无价值的；无效力的 n.零；空 vt.使无效,1946
1947,adj.原子核的；原子能的；核心的,1947
1948,adj.为数众多的；许多,1948
1949,adj.麻木的；失去知觉的 vt.使麻木；使失去知觉,1949
1950,vt.养育；培育；照顾；扶持 n.养育；培育；环境因素,1950
1951,adj.<正式>有害的；有毒的,1951
1952,n.营养品；促进生长的东西,1952
1953,n.誓言；誓约；咒骂语,1953
1954,n.服从；顺从,1954
1955,adj.客观的；真实的；宾语的 n.目标；目的；,1955
1956,adj.乐于助人的 动词oblige的现在分词.,1956
1957,adj.强制性的；义务的；必须的,1957
1958,n.遗忘；忘却,1958
1959,adj.淫秽的；猥亵的,1959
1960,adj.难解的；不著名的；微暗的；,1960
1961,adj.难解的；不著名的；微暗的；,1961
1962,n.遵守；仪式；纪念,1962
1963,n.观察；观察力；注意；评论,1963
1964,adj.固执的；倔强的；不易屈服的；（病）难治的,1964
1965,v.阻隔；妨碍；阻塞,1965
1966,vt.获得；得到 vi.流行；通用；存在,1966
1967,adj.明显的；显然的,1967
1968,=odour n.气味；名声；气息,1968
1969,adj.偶然的；临时的；不时的,1969
1970,adj.令人不快的；冒犯的；侮辱的；与进攻有关的 n.攻势；攻击,1970
1971,adj.已废弃的；过时的,1971
1972,n.障碍；绊脚石,1972
1973,adj.即时的；未经准备的；唐突无礼的 adv.即时地；未经思索地；随便地,1973
1974,n.后代；子孙；产物,1974
1975,n.攻击；进攻；开始,1975
1976,v.观察；遵守；注意到；庆祝,1976
1977,v.操作；运转；经营；动手术,1977
1978,n.歌剧 n.挪威Opera软件公司的浏览器软件,1978
1979,n.操作员；技工；管理者；报务员；【计】运算符,1979
1980,n.对手；反对者；敌手 adj.反对的；敌对的,1980
1981,vt.省略；遗漏；忘记；删去,1981
1982,adj.反对的；对立的；敌对的 动词oppose的过去式及过去分词.,1982
1983,n.机会；时机,1983
1984,adj.最佳的；最适宜的 n.最适宜,1984
1985,n.选择权；可选物 v.得到或获准进行选择,1985
1986,n.富裕；丰富,1986
1987,n.演说；致辞；叙述法,1987
1988,vt.提供；提出；（卖方）出价；贡献 vi.提议；出现；求婚 n.提议；出价,1988
1989,n.神谕；神谕处；传达神谕的人；能提供可靠意见的人,1989
1990,n.演说者；演讲者；雄辩家,1990
1991,n.势力范围；眼眶；轨迹 vt.绕轨道而行；进入轨道 vi.盘旋,1991
1992,n.严酷的考验；痛苦的经验；神裁法,1992
1993,n.有机体；生物体；有机组织,1993
1994,n.矿石；矿,1994
1995,adj.原始的；最初的；有独创性的；原版的 n.原版；真品；怪人；有独创性的人 n.起源,1995
1996,adv.原本；起初；独创地,1996
1997,v.发起；开始；起源于；,1997
1998,n.管弦乐队,1998
1999,v.逐出；夺取；取代,1999
2000,n.结果；后果,2000
2001,n.装饰；装饰物 vt.装饰,2001
2002,n.郊游；远足；外出,2002
2003,n.产量；输出功率；输出 vt.输出(信息等),2003
2004,n.暴行；愤怒；义愤 vt.凌辱；激怒,2004
2005,adj.过分的；骇人的,2005
2006,adj.直言无讳的；坦率的 动词outspeak的过去分词.,2006
2007,adj.优秀的；突出的；未支付的；未完成的,2007
2008,v.瞒骗；以智取胜,2008
2009,adj.傲慢的；骄傲自大的；蛮横的,2009
2010,n.配备；用具；机构 vt.配备；供应 vi.得到装备,2010
2011,adj.过期的；未兑的；迟到的,2011
2012,v.泛滥；溢出；充满；洋溢 n.泛滥；溢值；剩出,2012
2013,n.氧；氧气,2013
2014,adj.辛苦的；勤勉的；十分小心的 n.辛苦；苦心；工夫,2014
2015,n.契约；协定；条约,2015
2016,adj.美味的；使人愉快的；遂心如意的,2016
2017,n.小册子,2017
2018,n.万灵药；灵丹妙药,2018
2019,n.惊慌；恐慌 v.使…惊慌；感到恐慌 adj.恐慌的；惊慌的,2019
2020,n.游行；检阅；游行地 vi.参加游行；阅兵；散步；炫耀 vt.夸耀；使参加游行；检阅；绕行,2020
2021,adj.平行的；相同的；类似的；并联的 n.对比；平行线(面)；双杠；相似物 vt.相比；相应；与 ... 平行,2021
2022,v.俯瞰；远眺；没注意到；忽视 n.忽视；远眺,2022
2023,n.释义；解述；改写 v.改写；解述,2023
2024,n.寄生虫；寄生生物；食客,2024
2025,adv.部分地；不公平地,2025
2026,adj.不完全的；部分的；偏袒的；偏爱的,2026
2027,n.颗粒；微粒；极小量；质点；粒子；,2027
2028,adj.偏袒的；党派性的 n.强烈支持者；党羽；游击队员,2028
2029,adj.热情的；激情的；易怒的,2029
2030,n.聚会；宴会；政党；一伙人；,2030
2031,n.赞助；光顾；任免权,2031
2032,n.尖端；山顶；顶峰 v.达到顶峰；使处于顶点 vi.消瘦,2032
2033,adj.寄生的；由寄生虫引起的；靠他人为生的 =parasitical.,2033
2034,v.啄；连续敲击；<口>轻吻 n.啄痕；啄食；<口>轻吻 n.配克；<口>大量,2034
2035,adj.无比的；出类的；无双的,2035
2036,adj.刑罚的；刑事的；严重的,2036
2037,n.喜好(倾向),2037
2038,adj.待定的；即将发生或来临的 prep.直到；等待 ... 的时候；在 ... 期间,2038
2039,n.半岛,2039
2040,adj.沉思的；愁眉苦脸的,2040
2041,v.渗透；看穿；穿透；了解；（情报人员的）渗透,2041
2042,n.贫穷；拮据,2042
2043,adj.敏感的；有洞察力的；感知的,2043
2044,v.注意到；觉察到；认为；理解,2044
2045,n.碰撞；打击乐器；,2045
2046,adj.永久的；反复出现的；多年生的 n.多年生植物,2046
2047,adj.完美的；完全的；完满的；十足的；理想的 vt.使完美；使完全,2047
2048,n.危险；冒险 vt.冒险,2048
2049,adj.危险的；冒险的,2049
2050,adj.永久的；持久的 n.<口> 烫发,2050
2051,adj.可允许的；容许的,2051
2052,v.弥漫；渗透；普及,2052
2053,adj.放任的；纵容的；许可的；获准的,2053
2054,n.许可证；执照 v.允许；许可,2054
2055,vt.使永存；使不朽,2055
2056,v.使困惑；使糊涂；使复杂化,2056
2057,v.坚持；不屈不挠,2057
2058,adj.坚持的；连续的；固执的,2058
2059,n.职员；人事部门,2059
2060,n.远景；看法；透视 adj.透视的,2060
2061,adj.有说服力的；令人信服的,2061
2062,vt.弥漫；遍及；蔓延,2062
2063,vt.误用；歪曲；曲解；败坏 n.变态；色狼,2063
2064,adj.中肯的；相关的；切题的；恰当的,2064
2065,n.请愿书；祈求；申请 vi.请愿；祈求 vt.向 ... 请愿，请求,2065
2066,vt.使石化；使发呆 vi.石化,2066
2067,n.语音学,2067
2068,n.相位；方面；局面；阶段；时期 vt.逐步执行,2068
2069,adj.如画的；生动的；奇特的,2069
2070,v.刺穿；穿透；洞悉 Pierce. n.皮尔斯（人名）,2070
2071,n.偷窃,2071
2072,adj.虔诚的；伪善的；不太可能实现的,2072
2073,n.坑；矿井；陷阱；凹痕；(剧院的)正厅后排；（枣）核 vt.使凹陷；使竞争 vi.凹陷,2073
2074,n.枢；中心；旋转 adj.在枢轴上转动的；关键的 vt.装枢轴于；以 ... 为中心 vi.在枢轴上转动,2074
2075,adj.慈悲的；可怜的；凄惨的,2075
2076,adj.重要的；关键的；轴的,2076
2077,v.抚慰；平息；和解,2077
2078,adj.平静的；宁静的；温和的,2078
2079,n.瘟疫；麻烦；灾祸 vt.折磨；烦扰；造成麻烦,2079
2080,n.原告,2080
2081,n.行星,2081
2082,n.高原；平稳；稳定状态 vi.到达平稳阶段,2082
2083,adj.似真实合理的；动听的,2083
2084,n.恳求；申诉；抗辩；借口,2084
2085,adj.使人满意的；令人愉快的；讨人喜爱的 动词please的现在分词.,2085
2086,v.辩护；恳求；提出借口；认罪,2086
2087,n.愉快；高兴；快事；（用于回答对方的感谢）荣幸 vt.使高兴 vi.高兴；享受快乐,2087
2088,n.剧作家,2088
2089,vt.发誓；保证；以 ... 抵押；向 ... 祝酒 n.保证；抵押；誓言；抵押品,2089
2090,n.困境；苦境 n.誓约 vt.宣誓；订婚,2090
2091,n.情节；阴谋；图；(小块)土地 v.密谋；绘图；计划；标示位置,2091
2092,v.（用铅垂）测量；探测 n.铅锤；垂直 adj.垂直的；<口>完全的 adv.恰恰；<口>彻底地,2092
2093,v.使投入；跳入；栽进；下降，急降，突降 n.投入；跳入,2093
2094,n.平衡；姿态；镇静 v.使 ... 平衡；保持 ... 姿势；做准备；盘旋,2094
2095,v.污染；弄脏,2095
2096,v.沉思；考虑,2096
2097,adj.笨重的；笨拙的；乏味的,2097
2098,adj.轻便的；手提式的；,2098
2099,n.部分；命运；分担的责任；份 v.分配；命运注定,2099
2100,n.肖像；画像；描写,2100
2101,vt.描写；描绘；饰演,2101
2102,v.摆姿势；把...摆正位置；造成；提出；假装 n.姿态；姿势；装腔作势,2102
2103,adj.积极的；肯定的；明确的；正面的；正数的；阳性的 n.正面；正数；正片；,2103
2104,n.后代,2104
2105,vt.延期；推迟,2105
2106,n.姿势；态度；情形 v.作 ... 姿势；摆架子,2106
2107,adj.强有力的；有效的,2107
2108,adj.潜在的；可能的 n.潜力；潜能 n.电位；电势,2108
2109,n.家禽；家禽肉,2109
2110,adj.明智的；实际的；实用的；事实上的 n.实践考试,2110
2111,vt.讲道；说教 vi.传道；训诫,2111
2112,vt.在 ... 之前；先于 vi.在前面；领先,2112
2113,adj.宝贵的；珍贵的；矫揉造作的 adv.极其 n.<口>宝贝，心爱的人,2113
2114,vt.促成；使 ... 沉淀；猛摔 n.沉淀物；冷凝物 adj.仓促的；迅猛的；感情用事的,2114
2115,adj.精确的；恰好的；准确的；严格的,2115
2116,vt.阻止；排除,2116
2117,n.先驱；前任；前兆；,2117
2118,adj.卓越的；优秀的；超群的,2118
2119,adj.更好的；更合意的,2119
2120,v.占优势；支配,2120
2121,n.偏爱；优先；喜爱物；优惠,2121
2122,adj.怀孕的；充满的；意味深长的,2122
2123,n. 序幕； 前奏； 预兆 vi. 成为 ... 的前奏（开头）,2123
2124,n.前提 vt.预述；提论；假设,2124
2125,n.压强；压力；压迫 v.施压,2125
2126,n.处方；药方；对策,2126
2127,v.保护；保存；保持 n.禁猎区；蜜饯,2127
2128,n.,2128
2129,vt.假定；推测；姑且认定；认为是理所当然 vi.越权行事；利用,2129
2130,adj.放肆的；冒昧的；自以为是的；自作主张的,2130
2131,n.推测；可能性；冒昧；放肆；,2131
2132,v.假装；装作；自以为,2132
2133,adj.自命不凡的；自负的；矫饰的；炫耀的,2133
2134,vi.盛行；获胜；劝说,2134
2135,adj.流行的；普遍的,2135
2136,v.预防；防止，阻止；挡住,2136
2137,adj.以前的；先于；在 ... 之前,2137
2138,adj.首要的；主要的；初级的；初等教育的；根本的；初期的 n.第一位；初选；最主要者；要素；原色；初级线圈,2138
2139,adj.原始的；简陋的 n.文艺复兴前的艺术家；原始人,2139
2140,adj.主要的；首要的 n.本金；资本；校长；主角；委托人；主犯,2140
2141,n.特权；荣幸；特别恩典；基本人权 vt.给特权；免除,2141
2142,n.调查；查究；探针；探测器 v.用探针测；探测；详细调查,2142
2143,n.诚实；廉洁；正直,2143
2144,vi.继续进行；开始；着手,2144
2145,n.工序；过程 v.加工；处理；起诉；列队前进,2145
2146,vt.正式宣布；声明；表明；赞扬,2146
2147,n.刺针；刺棒；戳；刺激；激励 v.戳；刺；刺激,2147
2148,adj.挥霍的；(物产等)丰富的；慷慨的 n.挥霍者,2148
2149,adj.巨大的；惊人的；奇异的,2149
2150,adj.亵渎的；不敬神的；世俗的 v.亵渎；玷污,2150
2151,n.侧面；轮廓；形象；简介 v.描绘 ... 轮廓；评论人物,2151
2152,adv.深深地；深刻地,2152
2153,v. 声称； 冒称； 以 ... 为业； 正式接受入教； 表明信仰,2153
2154,adj.很多的；丰富的；慷慨的；浪费的,2154
2155,adj.多产的；作品丰富的,2155
2156,v.繁殖；增生；使 ... 激增；使 ... 扩散,2156
2157,n.进步；发展；前进 v.进步；发展；缓速前进；促进,2157
2158,vt.延长；拖延,2158
2159,adj.显著的；杰出的；突出的,2159
2160,adj.有希望的；有前途的,2160
2161,vt.促进；提升；升迁；发起；促销，推销,2161
2162,adj.迅速的；敏捷的；立刻的 vt.激起；促进；推动；提示 vi.提示 n.提示；提示的内容 n.,2162
2163,adj.显著的；断然的；明确的 动词pronounce的过去式和过去分词.,2163
2164,adj.易于 ... 的；有 ... 倾向的；俯卧的,2164
2165,v.繁殖；增殖；传播；传送,2165
2166,n.支柱；支持者；倚靠人 n.道具 n.螺旋桨；推进器 v.支撑；维持,2166
2167,v.推进；驱使,2167
2168,n.倾向；习性,2168
2169,n.部分；比例；均衡；（复）规模 vt.使成比例；使均衡；分摊,2169
2170,n.求婚；建议；提议,2170
2171,n.适当；正当；得体 (复数）proprieties:礼节； 礼仪.,2171
2172,v.打算；计划；向 ... 提议；求婚；提名,2172
2173,v.禁止；放逐；排斥；剥夺…的公权,2173
2174,n.希望；前景；景色 v.勘探；寻找,2174
2175,adj.预期的；未来的,2175
2176,vt.起诉；告发；从事；彻底进行 vi.起诉；担任检察官,2176
2177,adj.繁荣的；兴旺的,2177
2178,n.繁荣；兴旺,2178
2179,n.蛋白质,2179
2180,vt.延长；托长；伸出,2180
2181,v.突出；伸出,2181
2182,v.供给；提供；准备；规定；抚养,2182
2183,adj.有先见之明的；节俭的,2183
2184,n.食品；粮食；供应；规定；条款；预备；【经】准备金 vt.向 ... 供应食物,2184
2185,vt.激怒；惹起；驱使,2185
2186,n.代理人；代理权；委托书 adj.代理的,2186
2187,n.接近；亲近,2187
2188,adj.谨慎的；有远见的；精明的,2188
2189,v.修剪；削减 n.梅干；洋李脯,2189
2190,n.水坑；地上积水；胶泥 v.搅浊；在泥污中打滚；排尿,2190
2191,adj.准时的；严守时刻的；正点的,2191
2192,vt.按(键)；以拳重击；开洞；剪票 n.殴打 n.打洞器；钻孔机 n.感染力 n.（酒、水、糖等制成的)鸡尾酒,2192
2193,adj.刺鼻的；辛辣的；尖锐的；刻薄的,2193
2194,vt.购买 n.购买；购买的物品,2194
2195,n.整肃；清除；泻药；净化 v.净化；清除；清洗,2195
2196,adj.有资格的；有保留的；有限制的；能胜任的,2196
2197,adj.数量的；定量的,2197
2198,n.品质；才能；特质 adj.高品质的；<英俚>棒极了,2198
2199,n.四分之一；一刻钟；一季；25美分；区；方向 v.四等分 adj.四分之一的,2199
2200,n.石英,2200
2201,adj.古怪的；奇怪的；可疑的；<俚>同性恋的 n.<俚>同性恋者 vt.把...弄糟；使陷入不利,2201
2202,vt.压制；平息；消除；减轻,2202
2203,n.疑问；质问；疑问号 vt.质问；对 ... 表示怀疑,2203
2204,v.颤抖；振动 n.颤抖；箭袋；箭袋内的箭,2204
2205,n.限额；配额；定额；最低票数,2205
2206,v.放射；散发；辐射；流露,2206
2207,adj.激进的；彻底的；基本的 n.激进分子,2207
2208,n.狂怒；大怒；狂暴；肆虐；风行 v.大怒；怒斥；激烈进行；肆虐,2208
2209,adj.衣衫褴褛的；粗糙的；刺耳的；（外形）不规则的；不完美的,2209
2210,n.半径范围；半径；桡骨；辐射区,2210
2211,n.突然袭击；突击搜捕；劫掠；集体抛售 v.劫掠；攫取；突击搜捕；袭击,2211
2212,n.集会；（价值等）回升；回合 vi.重整旗鼓；恢复精神；(人)集合起来 vt.嘲弄；重新召集；激励,2212
2213,n.赎金；赎身；赎回 vt.赎回,2213
2214,n.轻敲；拍击；责骂；厉声说出；说唱音乐；谈话；最少量 vi.轻敲；表演说唱音乐；畅谈,2214
2215,adj.贪婪的；强夺的,2215
2216,n.狂喜 v.使狂喜,2216
2217,adv.莽撞地；冒失地,2217
2218,n.上升；增高；高地 vt.升起；举起；饲养；提出；引起；筹集，募集,2218
2219,v.批准；认可,2219
2220,n.比率；比例,2220
2221,n.定额；定量；配给 vt.限量供应；配给,2221
2222,n.等级；阶层；排；列 v.排列；分等级；列为；排名，排位 adj.繁茂的；讨厌的,2222
2223,adj.合理的；理性的；能推理的 n.有理数,2223
2224,v.毁坏；破坏；掠夺 n.破坏；蹂躏,2224
2225,adj.贪婪的；极饿的,2225
2226,v.强奸；使 ... 狂喜；抢夺,2226
2227,n.光线；射线；辐射 vi.发光；辐射 vt.释放射线；用光线装饰 n.,2227
2228,v.夷为平地；摧毁；消除；抹去,2228
2229,vt.实现；了解；意识到；变卖,2229
2230,n.领域；王国,2230
2231,n.原因；理由；理智；理性 v.理论；论证；推理；劝说,2231
2232,n.回扣 vt.减少；变钝 vi.减少,2232
2233,n.反叛者；造反者；叛逆者 v.造反；反抗；反感,2233
2234,n.叛乱；反抗,2234
2235,adv.容易地；迅速地；乐意地；欣然,2235
2236,v.指责，斥责 n.指责；谴责,2236
2237,n.回忆；取消；召回 vt.召回；恢复；回想起；唤起；与 ... 相似,2237
2238,adv.最近,2238
2239,n.接待；反应；接待处；欢迎；接收；招待会,2239
2240,n.接受者；收信人,2240
2241,adj.互惠的；相互的；互补的 n.相互；互惠；,2241
2242,adj.鲁莽的；不计后果的；大意的,2242
2243,n.隐士,2243
2244,n.承认；认出；赏识,2244
2245,vt.承认；认出；意识到；表示感激；识别,2245
2246,v.退却；畏缩；弹回；报应 n.畏缩；弹回；后坐力,2246
2247,n.回忆；记忆力；记忆；回忆起的事物,2247
2248,vt.推荐；建议；劝告；使受欢迎；使可取,2248
2249,v.调和；和解；妥协；一致,2249
2250,n.和解；调和,2250
2251,v.恢复；复原；重获,2251
2252,n.消遣；娱乐,2252
2253,v.吸收(新成员)；征兵；招聘 n.新成员；新兵,2253
2254,n.长方形；矩形,2254
2255,n.赔偿；救济；矫正；缓解 v.纠正；补偿；革除；惩罚；<古>报答；恢复,2255
2256,v.减少；缩小；使落魄；简化；还原,2256
2257,vt.赎回；弥补；履行；兑现；偿还；解救,2257
2258,adj.多余的，过多的；累赘的，冗长的；解雇的；重复的，千篇一律的,2258
2259,vt.把 ... 提交；把 ... 归因；归类 vi.参考；谈及；咨询,2259
2260,adj.精炼的；优雅的；精细的 动词refine的过去式和过去分词.,2260
2261,n.改革；改良 v.改革；革新；改造,2261
2262,n.倒影；反射；反映；沉思；考虑,2262
2263,v.（使）恢复精神；提神；提醒,2263
2264,n.避难；避难所；庇护 v.庇护；避难,2264
2265,n.偿还；退款 vt.偿还；退还,2265
2266,vt.驳斥；反驳；驳倒,2266
2267,v.登记；记录；注册；挂号 n.登记簿；记录；暂存器 n.,2267
2268,n.养生法；生活规则；训练课程,2268
2269,vt.使恢复；修复；改造,2269
2270,vt.预演；排演；预先演习；详述；复述 vi.参加彩排,2270
2271,n.君主统治；在位期 v.统治；支配,2271
2272,vt.偿还；报销,2272
2273,vt.加固；加强；增强；使更具说服力 vi.得到加强,2273
2274,vt.重申,2274
2275,vt.拒绝；排斥；驳回；丢弃 n.不合格产品；被拒之人,2275
2276,v.复发；再陷入；故态复萌 n.再发；重陷；故态复萌,2276
2277,v.休息；放松；使 ... 放松；放宽,2277
2278,adj.相关的；切题的；中肯的；有重大关系的；有意义的，目的明确的,2278
2279,adj.可靠的；可信的,2279
2280,adj.放心的；放松的 动词relieve的过去式和过去分词.,2280
2281,n.宗教；宗教信仰,2281
2282,vt.放弃；放手,2282
2283,adj.不情愿的；勉强的,2283
2284,adj.非凡的；值得注意的；显著的；异常的；卓越的,2284
2285,n.治疗法；药物；补救 vt.治疗；补救；矫正,2285
2286,adj.冷酷无情的；不间断的,2286
2287,vt.使想起；提醒,2287
2288,n.残余；残剩余；残存者；零头 adj.剩余的,2288
2289,vt.汇出；提交；宽恕；免除；延迟 vi.汇款；缓和；减轻 n.移交事项,2289
2290,adj.遥远的；偏僻的；远程的；(感情等)距离很大 n.远程操作,2290
2291,n.文艺复兴；再生,2291
2292,v.消除；脱掉；免除；搬迁,2292
2293,v.撕破；分裂；劈开；强夺,2293
2294,vt.提供；表现；使成为；宣布；翻译；回报；给予补偿；【计】渲染 n.粉刷；打底；交纳,2294
2295,v.声明放弃；与...断绝关系,2295
2296,vt.修理；翻新；革新；刷新,2296
2297,adj.有名的；有声誉的,2297
2298,vt.补充；再装满 vi.补充,2298
2299,vt.排斥；抵制；击退；使反感 vi.排斥；反感,2299
2300,n.责备；耻辱 v.责备；申斥,2300
2301,n.再现；复制；生殖；幼树,2301
2302,v.拒绝；拒付；断绝；否认,2302
2303,n.击退；拒绝 v.击退；拒绝,2303
2304,adj.令人厌恶的；排斥的,2304
2305,vt.营救；援救 n.营救；救援,2305
2306,v.与…相似；像,2306
2307,vt.恨；生气,2307
2308,vi.居住；属于；存在,2308
2309,n.居民；住客；住院医生 adj.居住的,2309
2310,n.残渣；剩余物；,2310
2311,v.抵制；抵抗；反抗；忍住 n.防蚀涂层,2311
2312,adj.坚决的；果断的,2312
2313,vt.解决；决定；表决；分解 vi.决定；分解 n.决心；坚决,2313
2314,adj.下定决心的；断然的 动词resolve的过去式和过去分词形式.,2314
2315,adj.分别的；各自的,2315
2316,n.共鸣；共振；反响,2316
2317,n.呼吸；【生】一次呼吸，呼吸量；植物呼吸作用,2317
2318,adj.有责任的；负责的；责任重大的；可靠的,2318
2319,vt.恢复；归还；复原,2319
2320,vt.抑制；阻止；束缚；剥夺,2320
2321,vt.限制；约束,2321
2322,v.重新开始；再继续 n.简历；履历；摘要,2322
2323,vt.保持；保留；记住；聘请,2323
2324,vt.妨碍；迟延；拖住 vi.受到延迟 n.阻止；迟延；减速,2324
2325,v.缩回；收回；撤销,2325
2326,v.反驳；回嘴；反击 n.反驳；顶嘴,2326
2327,vt.恢复；挽回；取回 vi.找回猎物 n.恢复；取回；救出险球,2327
2328,n.揭露；泄露；发觉；启示,2328
2329,vt.显示；透露；揭示；展现 n.(外墙与门或窗之间的)窗侧；门侧；(汽车的)窗框,2329
2330,n.税收；收入；税务局,2330
2331,n.里维尔(美国马萨诸塞州城市；避暑胜地) revere. v.尊敬；敬畏；崇敬,2331
2332,n.敬畏；尊敬；尊严 v.尊敬；敬畏；崇敬 Reverence: 对某些基督教神职人员的尊称.,2332
2333,vi.恢复；回复；归还,2333
2334,n.校订；修正；再校稿 v.校订；修正；校正,2334
2335,vt.使重生；恢复精神；唤醒 vi.复生,2335
2336,vt.撤回，取消，废除 vi.藏牌，有牌不跟 n.藏牌,2336
2337,n.谜；谜语 vt.解谜；出谜题；充满；打洞；筛选 vi.出谜题,2337
2338,adj.荒谬的；可笑的,2338
2339,adj.坚硬的；严格的；固执的；僵硬的；刻板的,2339
2340,n.严格；严厉；严酷；艰苦；严密；精确；,2340
2341,adj.严格的；严厉的；严峻的；细致的,2341
2342,n.边；框 vt.镶边 vi.形成边缘,2342
2343,n.暴乱；骚乱；喧闹；（色彩）丰富；<俚>有趣的人 v.闹事；骚乱,2343
2344,adj.成熟的；熟的,2344
2345,n.仪式；典礼,2345
2346,n.危险；风险；投资报酬的风险 vt.冒 ... 的危险；承受...的风险,2346
2347,n.竞争者；对手；同伴 adj.竞争的 v.竞争；与 ... 相匹敌,2347
2348,adj.强健的；稳固的；耐用的；粗野的；浓的,2348
2349,n.作用；角色,2349
2350,n.卷；滚动；名单；压路机；颤音；圆形物，面包卷 v.摇摆；滚；绕；转动；展开,2350
2351,n.腐烂；腐蚀；败坏；胡话 v.腐烂；使 ... 枯朽；消瘦,2351
2352,adj.腐烂的；腐朽的；<口>极坏的；讨厌的 adv.非常,2352
2353,adj.粗糙的；粗略的，大概的；粗暴的；艰难的；讨厌的；不适的；汹涌的 adv.粗糙地；粗暴地 n.粗制品；暴徒；高低不平的路面 vt.使粗糙；殴打；草拟,2353
2354,n.例行公事；常规；无聊 adj.常规的；例行的；乏味的,2354
2355,n.垃圾；废物；废话；碎屑 v.贬损,2355
2356,adj.基本的；初步的；未充分发展的,2356
2357,adj.高低不平的；崎岖的；粗犷的；粗鲁的；(人)坚毅的；(气候)严酷的；(声音)刺耳的；坚固耐用的,2357
2358,n. 隆隆声； 辘辘声 n. (旧式汽车车厢后的)折叠加座 <俚>打群架 v. 发隆隆声； 使辘辘响,2358
2359,v.深思；沉思；反刍,2359
2360,n.铁锈；锈菌；赤褐色 vi.生锈；变成锈色 vt.使 ... 生锈；损害,2360
2361,n.破裂；断裂；,2361
2362,adj.乡村的；纯朴的；手工粗糙的；土气的 n.乡下人；村夫；农民,2362
2363,adj.残忍的；无情的,2363
2364,n.鞍；车座；山脊；当权 vt.装以马鞍；使负担 vi.装马鞍,2364
2365,n.理由；缘故；目的；利益,2365
2366,vt.救助；打捞；抢救 n.海上救助；打捞；抢救,2366
2367,n.样品；样本 vt.采样；取样；品尝，体验,2367
2368,adj.心智健全的；明智的,2368
2369,n.神智健全；头脑清楚,2369
2370,adj.讽刺的,2370
2371,adj.讥讽的；嘲笑的；冷笑的,2371
2372,n.挖苦；讽刺,2372
2373,v.使饱足；使厌腻；充分满足 adj.饱足的；厌腻的,2373
2374,n.讽刺文；讽刺,2374
2375,adj.讽刺的；爱挖苦的,2375
2376,adj.令人满意的,2376
2377,v.使浸透；使充满；使饱和 adj.浸透的；饱和的；深颜色的,2377
2378,n.储蓄,2378
2379,v.救；节省；保存 n.救援，救助,2379
2380,vt.扫描；浏览；审视；细看 vi.合韵律；划分音步 n.扫描；浏览；细看,2380
2381,n. 味道； 气味； 滋味 vi. 有 ... 的味道或风味 vt. 调味； 品尝； 欣赏 =savour（英）,2381
2382,n.刻度；等级，规模；音阶；量程；天枰，磅秤；鳞片，鳞状物 v.攀登；按比例决定；称重；刮鳞；剥落,2382
2383,n.丑闻；反感；耻辱；中伤,2383
2384,adj.缺乏的；不足的；不够的,2384
2385,adj.缺乏的；不足的；稀少的；罕见的 adv.勉强,2385
2386,v.受惊吓；恐吓；吓走 n.惊吓；惊恐,2386
2387,vt.散播；撒；驱散 vi.分散；消散 n.散布；零星少量,2387
2388,n.时间表，日程；一览表；计划 v.预定；安排；编制目录,2388
2389,n.风景；背景；布景,2389
2390,n.奖学金；学问；学识,2390
2391,v.（使）烧焦；变焦；（使）枯萎 n.烧焦,2391
2392,n.铲子；勺；舀取；穴；独家新闻 vt.挖空；舀取；抢先报道（获得）,2392
2393,n.机会；范围；眼界；观看的仪器 vt.仔细研究,2393
2394,adj.轻蔑的；嘲笑的,2394
2395,n.童子军；侦察员；守卫 vt.侦察；物色,2395
2396,n.碎片；废品；少许；瘦小的人；争斗；打架 v.报废；舍弃；打架,2396
2397,v.抓；搔（痒）；划破；划掉 n.抓痕；乱写；抓的声音；起跑线 adj.无让步的,2397
2398,n.屏幕；银幕；隔板；屏风；掩蔽物；纱窗；纱门；筛子 v.掩蔽；包庇；放映；筛；检查,2398
2399,n.顾忌；迟疑 v.顾虑,2399
2400,adj.小心谨慎的；细心的；严谨的,2400
2401,n.雕塑；雕刻 v.雕刻；雕塑；刻蚀；当雕刻师,2401
2402,v.仔细检查；细看,2402
2403,vt.使 ... 干枯；烤焦；用强烈的感情影响 vi.变得干枯 adj.枯萎的；烤焦的 n.烤焦的痕迹,2403
2404,n.调料,2404
2405,n.隔离；隔绝；隐居,2405
2406,vt.隐藏；隐匿 vt.分泌,2406
2407,n.分泌；分泌物；藏匿,2407
2408,adj.安静的；镇静的 vt.使安静；使镇静,2408
2409,n.沉淀物,2409
2410,adv.表面上；似乎；看起来,2410
2411,v.分离；隔离；分凝 adj.分离的,2411
2412,n.部分；弓形；瓣；段；节 vt.分割,2412
2413,v.抓住；夺取；利用；没收,2413
2414,n.选择；挑选；挑选出来的人或事,2414
2415,adj.自私的；利己的,2415
2416,n.学期,2416
2417,adj.明智的；合情理的；可觉察的；实际的 n.可感知物,2417
2418,adj.灵敏的；敏感的；感光的；易受伤害的；善解人意的 n.敏感的人,2418
2419,adj.感觉上的；感觉的；激发美感的,2419
2420,adj.感伤的；感情的；多愁善感的,2420
2421,n.顺序；连续；次序；一系列 vt.按顺序排好,2421
2422,adj.安详的；宁静的；平静的 Serene. adj.尊贵的,2422
2423,n.宁静；沉着,2423
2424,adj.严肃的；严重的；认真的；危急的；庄重的,2424
2425,n.会议；会期；开庭期；学期；一段时间,2425
2426,n.布道；说教,2426
2427,v.切断；脱离；分开,2427
2428,adj.破旧的；寒酸的；低劣的，无耻的；卑劣的,2428
2429,adj.严厉的；严重的；剧烈的；严格的；严峻的,2429
2430,n.手铐；脚镣；镣铐；束缚物 v.给...戴上镣铐；束缚,2430
2431,n.阴影；遮蔽；遮光物；(色彩的)浓淡 vt.遮蔽；使阴暗；使渐变；略减（价格） vi.渐变,2431
2432,n.柄；竖井；杆状物；矛；轴；（一道）光线 vt.苛刻地对待；装杆于,2432
2433,v.摇动；震动；握手 n.片刻；摇晃；<美口>奶昔,2433
2434,adj.灰黄色的；气色不好的 v.使发黄 n.柳树,2434
2435,adj.无耻的,2435
2436,vt.使尖锐；磨快；加剧 vi.变尖锐,2436
2437,v.粉碎；毁坏；<口>使震骇；使精疲力尽 n.碎片,2437
2438,vt.包；插入鞘；覆 =sheath.,2438
2439,n.修剪；剪下的东西；大剪刀 v.剪掉；剪；剥夺,2439
2440,adj.极轻薄的；陡峭的；全然的 adv.垂直地 v.避开；转向,2440
2441,n.盾；盾状物；防卫物 vt.保护；庇护,2441
2442,n.装运；货物；装船；出货,2442
2443,v.推挤；撞；乱塞；乱放 n.推；挤,2443
2444,adj.精明的；敏锐的；狡猾的,2444
2445,vi.收缩；退缩；萎缩；畏惧，害怕 vt.使收缩 n.收缩；萎缩 n.精神科医生,2445
2446,v.拖曳；搅乱；推诿；洗牌；移来移去 n.洗牌；搅乱；拖着脚走；搪塞,2446
2447,v.避开；回避；避免,2447
2448,adj.有病的；恶心的；腻烦的；晕的；令人毛骨悚然的 n.病人；呕吐物 vt.追逐；攻击；唆使,2448
2449,adj.腼腆的；胆怯的；害羞的,2449
2450,v.患病；生病；恶心；使厌倦,2450
2451,n.包围；围攻,2451
2452,n.叹气；叹息 v.叹息；惋惜,2452
2453,adj.重要的；有意义的；意味深长的；显著的,2453
2454,vt.表示；预示；意味着；象征 vi.有重要性,2454
2455,n.硅石；矽土,2455
2456,adj.愚蠢的；琐屑的；可笑的；犯晕的 n.（通常指小孩子）淘气鬼；傻孩子,2456
2457,vt.假装；模拟；模仿,2457
2458,adv.同时地,2458
2459,n.原罪 v.犯罪；违反(教规),2459
2460,v.(轻微)烧焦；烫焦；损伤 n.烧焦,2460
2461,adj.邪恶的；不祥的；灾难性的；左边的,2461
2462,n.地点；位置；现场 vt.使 ... 位于,2462
2463,n.怀疑者；怀疑论者；无神论者,2463
2464,adj.怀疑的,2464
2465,n.速写；素描；草图；概述 v.草拟；速写；(简略地)描绘,2465
2466,adj.熟练的；灵巧的,2466
2467,vt.撇去；略读；掠过；滑过 vi.掠过；表面凝结；<俚>瞒报 n.浮沫；略读；脱脂物,2467
2468,adj.(衣服等)尺寸小的；不足的；缺乏的；吝啬的,2468
2469,v.使松弛；使缓慢；变弱,2469
2470,n.熔渣；矿渣；<英俚> 荡妇 v.(英）严厉批评,2470
2471,n.中伤；诽谤 vt.中伤；诽谤,2471
2472,n.倾斜；斜面；个人的观点或见解；倾向性；偏见 vt.使倾斜；歪曲 vi.倾斜,2472
2473,n.侮辱；掴；拍击声 vt.侮辱；拍击；惩罚；申斥 adv.直接地；正面地；突然地,2473
2474,adj.轻微的；纤弱的；微小的 vt.轻视；忽略 n.轻蔑；怠慢,2474
2475,adj.滑的；狡猾的；不可靠的,2475
2476,adj.苗条的；微小的；细长的 v.减肥；缩减,2476
2477,n.口号；标语,2477
2478,n.倾斜；斜坡；斜面；斜率；斜线 vt.使倾斜 vi.倾斜；有坡度,2478
2479,adj.不修边幅的；邋遢的,2479
2480,adj.肥大的；潦草的；草率的；稀薄的；庸俗感伤的,2480
2481,n.蛞蝓；鼻涕虫；动作缓慢的人 n.子弹；铅字条；,2481
2482,adj.缓慢的；懒惰的；迟钝的；萧条的；无精打采的,2482
2483,v.大幅度下跌；猛然瘫坐；使倒下 n.暴跌；低潮状态；(土地)下沉,2483
2484,adj.狡猾的；会心的；淘气的；诡异的,2484
2485,v.打碎；粉碎；猛撞 n.破碎；撞击；轰动的演出；,2485
2486,v.涂抹；弄脏；诽谤 n.污点；涂料；诽谤,2486
2487,n.气味；嗅觉；嗅 v.嗅；闻；散发气味；有臭味；察觉,2487
2488,v.窒息；闷死；用沙等闷住火；忍住；厚厚地或大面积地覆盖,2488
2489,v.劈啪作响；崩塌；砰然关上；猛咬；谩骂；拍摄 n.啪嗒声；快照 adj.突然的；匆忙的 adv.劈啪作响地,2489
2490,n.(隐伏的)障碍；困难；残桩；划破处；抽丝处 v.划破；碰到（暗礁或枯树上）；清除（暗礁等）；迅速抓到,2490
2491,vt.偷偷摸摸做 vi.偷偷地走；偷偷地做 n.鬼鬼祟祟的人；潜行；溜 adj.出其不意的；暗中进行的,2491
2492,n.冷笑；嘲笑 v.嘲笑；冷笑,2492
2493,adj.势利的；自命不凡的,2493
2494,adj.清醒的；稳重的；沉着冷静的；颜色暗淡的 vt.使清醒；使沉着 vi.清醒；冷静下来,2494
2495,adj.好交际的；社交的,2495
2496,n.旅居；逗留 v.旅居；逗留,2496
2497,adj.太阳的；太阳能的,2497
2498,adj.独占的；唯一的 n.脚底；鞋底 n.鳎鱼 vt.给(鞋)换底,2498
2499,adj.庄严的；严肃的；隆重的,2499
2500,vt.恳求；征求；勾引 vi.(妓女)拉客,2500
2501,adj.热切的；焦虑的；挂念的；关心的,2501
2502,adv.坚硬地；稳固地,2502
2503,adj.孤独的；独立的；单个的；唯一的；荒凉的 n.隐士；单独禁闭,2503
2504,n.孤独；独居；荒僻之地；幽静的地方,2504
2505,adv.稍微；有些；多少；几分 pron.某物；一些,2505
2506,v.缓和；使安静；安慰,2506
2507,n.纪念品,2507
2508,n.宇宙飞船,2508
2509,n.主权；独立国,2509
2510,adj.宽敞的；广阔的,2510
2511,n.卵；产物；后代；结果 vt.产卵；种菌丝于；产生；造成 vi.产卵；大量生产,2511
2512,v.详细说明；指定；阐述,2512
2513,n.标本；样本,2513
2514,n.景象；场面；奇观；壮观；公开展示；表相，假相 n.（复）眼镜,2514
2515,adj.壮观的；令人惊叹的 n.壮观；豪华节目,2515
2516,n.观众；旁观者,2516
2517,vt.推测 vi.投机；深思,2517
2518,v.喷出；涌出；呕吐；吐出 n.呕吐物；喷出物,2518
2519,adj.快速的；高速的；迅速的；敏捷的；立即的,2519
2520,n.范围；领域；球；球体；天体 vt.形成球体；包围；围绕,2520
2521,n.脊柱；脊椎；书脊；尖刺,2521
2522,adj.无脊椎的；没有骨气的；懦弱的,2522
2523,n.溅泼（声）；溅泼的量；溅污的斑点；骚动；少许 v.溅（湿）；报道,2523
2524,n.脾；脾气；怒气,2524
2525,adj.极好的；辉煌的；壮观的；杰出的,2525
2526,n.光辉；壮丽；显赫；辉煌,2526
2527,v.宠坏；溺爱；破坏；腐坏；使索然无味 n.战利品；奖品,2527
2528,adj.不定时发生的；零星的,2528
2529,adj.自发的，自然的，本能的；自然产生的,2529
2530,n.地点；场所；职位；污点；斑点；少量；聚光灯；插播节目 adj.现场的；现货的；插播的 v.（使）产生污渍；玷污；认出；用灯光照射,2530
2531,n.配偶,2531
2532,n.【C】喷口；水管；水柱 v.喷出；滔滔不绝地说,2532
2533,vi.躺卧；扩张；蔓延 vt.使蔓延 n.躺卧；蔓延,2533
2534,v.喷雾；喷射；扫射 n.喷雾；喷雾器；水沫,2534
2535,n.春天；春季；弹簧；弹力；跳；泉水；源头 v.跳；弹；快速站起；突然提出；触发捕捉器；(使)裂开；爆炸；释放；涌出；生长；出现；耸立；(风)开始吹,2535
2536,v.长芽；萌芽；迅速成长 n.芽；年幼者,2536
2537,v.喷出；冲刺 n.喷出；突然一阵；(营业的)突然兴隆；突然高涨,2537
2538,v.（为琐事）争论；口角 n.争论；口角,2538
2539,n.班；小队,2539
2540,vt.浪费；挥霍,2540
2541,n.正方形；广场；街区；平方；直角尺；<俚>古板的人 adj.正方形的；规矩的；结实的；公正的；断然的 v.一致；结清；收买；使 ... 成方形；使成平方；调整 adv.成直角；直接的；正方形地,2541
2542,n.壁球；摺皱不堪；拥挤嘈杂的人群；浓缩果汁；美国南瓜 vt.压制；压扁 vi.变扁；挤进,2542
2543,n.吱吱声；逃脱 v.吱吱叫；侥幸通过；<俚>告密,2543
2544,v.挤压；塞进；压榨；设法腾出 n.挤压；少量；拥挤；严控；财政困难,2544
2545,v.刺；戳；刺伤 n.刺；戳；刺痛；尝试,2545
2546,adj.稳定的；安定的；可靠的 n.马棚；马厩；一批人 v.使（马）入厩；入马棚,2546
2547,n.员工；全体人员；全体职员；拐杖；杆；棒；五线谱 vt.配备员工,2547
2548,adj.不新鲜的；陈腐的；厌倦的 v.变得不新鲜；腐坏；(动物)撒尿 n.(动物的)尿,2548
2549,vi.蹒跚；犹豫；动摇 vt.使摇晃；使吃惊；使犹豫 n.蹒跚；踌躇；摇摆不定,2549
2550,n.茎；梗 n.跟踪；高视阔步 v.悄悄靠近；跟踪；蔓延；高视阔步地走,2550
2551,n.栅栏；小隔间；货摊；座位 v.把...关进畜舍里；失速；熄火；拖延；（使）动弹不得,2551
2552,n.精力；活力；耐力 n.,2552
2553,v.（使）吃惊；（使）惊愕 n.吃惊；惊恐,2553
2554,adj.静态的；静止的；稳定的；静力的；静电的 n.静电；静电干扰,2554
2555,vi.挨饿；受饿；极度匮乏 vt.使挨饿；使饿死,2555
2556,adj.静止的，不动的；稳定的 n.驻军,2556
2557,n.文具；信笺,2557
2558,n.统计学；统计；统计数字,2558
2559,n.雕像；塑像,2559
2560,n.地位；情形；状况，状态；身份,2560
2561,adj.坚定的；毫不动摇的,2561
2562,v.站立；忍受；位于；停滞 n.站立；货摊；停顿；看台,2562
2563,adj.稳定的；稳固的；坚定的 v.使稳固；使稳定；(变得)稳固；使坚定 adv.稳定地，稳固地 n. 关系固定的情侣 ；固定支架,2563
2564,adj.贫瘠的；无生气的；无生育能力的；无结果的；无菌的,2564
2565,adj.严厉的；严峻的；苛刻的；坚决的 n.尾部；船尾,2565
2566,adj.粘的；闷热的；困难的；令人不满意的,2566
2567,adj.硬的；僵直的；艰难的；生硬的；拘谨的；烈性的 adv.极其；僵硬地 n.死尸；流浪汉；过于拘谨的人；吝啬鬼；醉鬼,2567
2568,adj.静止的；不动的；静寂的 adv.更；仍然；静止地 v.使...平静下来 n.蒸馏器；寂静；定格照,2568
2569,vt.刺激；激励；鼓舞 vi.起刺激作用,2569
2570,adj.吝啬的；小气的,2570
2571,v.规定；保证 adj.有明文规定的,2571
2572,adj.矮胖的；健壮结实的,2572
2573,adj.笨重的；沉闷的；式样难看的；难消化的,2573
2574,adj.强壮的；肥胖的；牢固的；坚定的 n.烈啤酒,2574
2575,n.拉紧；紧张；血统；笔调；（动植物或疾病的）品种 v.拉紧；劳累；过分使用,2575
2576,n.海峡；困境 adj.困难的；窘迫的；<古>狭窄的；严格的,2576
2577,n.皮带；带子 vt.(用带子)捆扎；(用带子)抽打,2577
2578,n.走失的家畜；浪子 adj.迷途的；偏离的 v.迷路；偏离,2578
2579,adj.奋发的；费力的；繁重的；积极的,2579
2580,v.加强；变坚固,2580
2581,n.大步走；一大步；步伐；进步 vt.跨；跨骑 vi.迈大步走；跨过；分腿站立,2581
2582,n.争吵；冲突；倾轧；竞争,2582
2583,adj.严格的；银根紧的；紧迫的,2583
2584,v.剥去；剥夺；脱衣；除去 n.脱衣舞；长条；条状,2584
2585,vi.奋斗；努力；力求；斗争,2585
2586,n.闲逛；漫步 v.闲逛；漫步,2586
2587,adj.顽固的；倔强的；难对付的,2587
2588,adj.(房间等)不通气的；(人或事物)沉闷乏味的；自负的,2588
2589,vt.使震惊；使目瞪口呆；使昏迷 n.震惊；晕眩,2589
2590,n.特技；阻碍成长 vt.阻碍成长；表演特技,2590
2591,n.特技；阻碍成长 vt.阻碍成长；表演特技,2591
2592,adj.强健的；坚固的；坚决的,2592
2593,n.征服；服从；隶属,2593
2594,v.使（心灵或物质）升华 n.升华物 adj.升华的；纯净的；高尚的；理想化的,2594
2595,vt.使浸没；潜入水中；覆盖 vi.浸没,2595
2596,n.提交；服从；屈服；,2596
2597,adj.服从的；顺从的,2597
2598,vt.使服从；使屈服；提交；递交；认为 vi.屈从,2598
2599,adj.下级的；次要的 n.属下；附属物 vt.使服从；把 ... 放在次要,2599
2600,adj.随后的；后来的,2600
2601,n.子公司；附属机构 adj.辅助的；补贴的；附属的,2601
2602,v.供给食物；维持生活；生存；供养,2602
2603,adj.大量的；坚固的；实质的；可观的 n.本质；重要部份,2603
2604,vt.证实；实体化,2604
2605,adj.独立的；真实的；持久的；本质的；名词性的；大量的；规定义务与责任的；实质的 n.作名词用的词或词组,2605
2606,vt.减去 vi.减少,2606
2607,vt.推翻；颠覆；毁灭；使败坏,2607
2608,adj.简洁的,2608
2609,adj.连续的；接连的；接二连三的,2609
2610,adj.成功的；圆满的,2610
2611,v.屈从；死,2611
2612,adj.足够的；充分的,2612
2613,v.遍布 ...；弥漫；充满,2613
2614,vt.建议；暗示；使想起；表明；要求,2614
2615,adj.适宜的；合适的,2615
2616,adj.愠怒的；闷闷不乐的；阴沉的,2616
2617,n.金额；总数；要点 v.概括；总结；归纳；总计,2617
2618,adj.极好的,2618
2619,n.顶点；最高阶层,2619
2620,vt.召唤；召集；振奋,2620
2621,adj.表面的；肤浅的,2621
2622,n.监督人；管理人；所长,2622
2623,vt.取代；接替；废弃,2623
2624,n.迷信；没有根据的理论,2624
2625,v. 取代； 排挤 <古>根除,2625
2626,adj.柔软的；逢迎的；灵活的 vt.使柔软；使柔顺 vi.变柔软；变柔顺,2626
2627,vt.假设；假定；认为；想；应该；让(虚拟语气) vi.推测,2627
2628,adj.最高的；至上的；极度的,2628
2629,n.推测 vt.推测；臆测,2629
2630,vt.超越；胜过,2630
2631,vt.克服；越过；登上 ... 最高点,2631
2632,n.过剩；顺差；盈余 adj.过剩的；多余的,2632
2633,n.问卷；测量；调查；纵览；视察 v.调查；审视；研究；测量；勘定；环视,2633
2634,vt.幸免于难；存活；艰难度过；比 ... 活得长 vi.活着；继续存在,2634
2635,adj.易受外界影响的；易受感染的；容许…的,2635
2636,v.怀疑；猜想 n.嫌疑犯 adj.可疑的；不可信的,2636
2637,n.悬疑；焦虑；悬念,2637
2638,n.猜疑；怀疑,2638
2639,adj.可疑的；多疑的,2639
2640,vt.支持；承受；维持；认可；经受,2640
2641,n.维持生计；营养；食物,2641
2642,n.群；蜂群 v.云集；充满,2642
2643,v.（使）膨胀；（使）鼓起；（使）增长 n.增大；膨胀；肿胀；汹涌 adj.<口>很棒的；时髦的；一流的,2643
2644,adj.快的；迅速的；敏捷的 n.雨燕；线轴 Swift. n.斯威夫特（人名）,2644
2645,n.符号；象征；标志,2645
2646,n.对称(性)；匀称；整齐,2646
2647,adj.同情的；共鸣的；赞同的 n.交感神经,2647
2648,n.症状；征兆,2648
2649,vt.使同步；使同时发生 vi.同时发生,2649
2650,n.摘要；概要,2650
2651,adj.合成的；人造的；综合的；虚伪的 n.合成物；人工制品,2651
2652,adj.心照不宣的；缄默的；默示的,2652
2653,v.处理；对付；阻截(对方球员)；与…交涉 n.滑车；用具；铲球；(美式足球)拦截手,2653
2654,n.机智；手法,2654
2655,n.策略；战术,2655
2656,n.标签；附属物；捉人游戏；谚语；名称 vt.连接；附以签条；尾随；添饰；指责 vi.紧随；尾随,2656
2657,n.天赋；才能，才艺；天才；人才；<英俚>美人,2657
2658,v.干预；玩弄；贿赂；篡改,2658
2659,n.帐；记分；一致；标签 vt.计算；记录；使一致 vi.计算；记分；一致,2659
2660,adj.可触摸的；实际的；有形的；确凿的,2660
2661,v.（以可望而不可即之物）逗引或招惹（人或动物）；使着急,2661
2662,n.缠结；混乱；纠纷 vt.使缠结；使混乱；使陷入 vi.纠缠；乱作一团；<口>吵架；争论,2662
2663,adj.迟到的；缓慢的；迟缓的,2663
2664,n.晦暗；污渍 v.沾污,2664
2665,n.味觉；味道；尝试；品味；爱好 v.品尝；有 ... 味道的；体验,2665
2666,n.辱骂；嘲弄 v.嘲弄,2666
2667,n.揶揄者；戏弄 v.欺负；嘲弄,2667
2668,adj.单调乏味的；沉闷的,2668
2669,v.充满；富于；把……倒空；倾泻,2669
2670,n.气质；性情,2670
2671,n.节欲；禁酒；节制,2671
2672,adj.温和的；适度的；有节制的,2672
2673,n.气温；体温；温度；发烧,2673
2674,adj.现世的；暂时的；当时的；太阳穴的；颞的,2674
2675,adj.暂时的；临时的 n.临时工,2675
2676,n.房客；佃户；承租人；<律>占用者 vt.租赁；租借,2676
2677,vt.诱惑；怂恿；引诱；吸引,2677
2678,adj.抓紧的；坚决的；(记忆力)强的,2678
2679,n.趋势；倾向；秉性,2679
2680,adj.温柔的；脆弱的；敏感的；亲切的；嫩的；痛的 v.提出；投标 n.投标；照管人；补给船；煤水车,2680
2681,adj.不确定的；暂时的；试验性质的；犹豫不决的,2681
2682,adj.紧张的；绷紧的；拉紧的 v.拉紧；使紧绷 n.(动词)时态,2682
2683,adj.脆弱的；稀薄的；贫乏的；纤细的；空洞的,2683
2684,adj.微温的；不热心的,2684
2685,v.结束；终止；满期；达到终点,2685
2686,v.使害怕；使恐怖；威胁,2686
2687,n.恐怖；惊骇；<口>令人惧怕或讨厌的人或事物,2687
2688,v.作证；证明；声明,2688
2689,n.证明；证据,2689
2690,n.纺织品,2690
2691,n.融雪 v.使融解；暖和,2691
2692,n.偷窃,2692
2693,adj.理论上的,2693
2694,n.温度计,2694
2695,n.毕业论文；论文；论题；论点；命题,2695
2696,n.门槛；开端；界限；入口,2696
2697,v.威胁；恐吓；似将发生,2697
2698,n.节俭；节约,2698
2699,vi.兴旺；繁荣；茁壮成长,2699
2700,n.人群；一大群；大量 v.群集；挤满,2700
2701,v.重击；怦怦跳；猛击；用拳头打 n.重击声；重打,2701
2702,v.刺；插入；推挤 n.刺；推力；要旨,2702
2703,n.趋势；潮流；潮汐；潮水 v.渡过；（使）随潮漂流,2703
2704,adj.倾斜的；成角度的 动词tilt过去式和过去分词.,2704
2705,n.木材；木料,2705
2706,adj.胆怯的；害羞的,2706
2707,n.刺痛；激动 v.刺痛；激动,2707
2708,n. 色彩； 浅色； 染发剂 vt. 给 ... 染色,2708
2709,adj.极小的；微小的,2709
2710,n.小费；小建议；轻拍；尖端，顶端；倾斜，翻倒 v.给小费；装顶端；倾斜；翻倒,2710
2711,n.纸巾；薄绢；(生物的)组织；织物,2711
2712,adj.巨大的；,2712
2713,n.脚趾；足尖 vt.趾触；趾踢 vi.踮着脚尖走 abbr.吨油当量（=Ton Oil Equivalent）,2713
2714,adj.还不错的；可容忍的,2714
2715,vt.容许；忍受；容忍,2715
2716,n.伤亡人数；钟声；通行费；代价 v.敲钟,2716
2717,adj.迟钝的；无精打采的；冬眠的,2717
2718,n.苦痛；拷问；折磨；烦恼 vt.使苦恼；折磨,2718
2719,adj.折磨的；痛苦的,2719
2720,adj.动人的；感人的 prep.关于；有关 动词touch的现在分词.,2720
2721,adj.易怒的；难以取悦的；敏感的,2721
2722,v.拖；拉；牵引 n.拖；拽；拖绳,2722
2723,n.塔；高楼 vi.高耸；胜过,2723
2724,n.痕迹；微量；踪迹 v.追踪；描绘；找出根源,2724
2725,adj.（正式）易驾驭的,2725
2726,n.特征；特点；少许；一笔,2726
2727,n.悲剧；灾难；惨事,2727
2728,n.叛徒；卖国贼；出卖朋友者,2728
2729,n.踩踏 v.践踏；轻视,2729
2730,adj.安静的；宁静的；稳定的；不变的,2730
2731,v.办理；交易；谈判；进行,2731
2732,n.交易；办理；处理；事务 （复）transactions: 学报；会报.,2732
2733,v.超越；胜过,2733
2734,n.抄本；副本；誊本；成绩单；笔录,2734
2735,vt.刺穿；钉住；使呆住,2735
2736,vt.改变；转换 vi.改变；变形；变态,2736
2737,adj.短暂的 n.短期居留者；<电>顺变电流,2737
2738,n.转变；过渡,2738
2739,adj.暂时的；瞬息的；短暂的；片刻的,2739
2740,adj.透明的；明显的；清晰的,2740
2741,v.蒸发；排出；泄露,2741
2742,n.废物；垃圾 vt.废弃；捣毁；擦去 vi.捣毁,2742
2743,n.圈套；陷阱；困境；双轮轻便马车；U（或S）型管道；防臭瓣 v.设圈套；陷入（困境）,2743
2744,n.横贯；横木 v.横贯；穿越；详细讨论；阻止；否认；【计】遍历,2744
2745,n.叛逆 通敌 背叛 叛国罪,2745
2746,n.治疗；对待；处理,2746
2747,adj.巨大的；惊人的,2747
2748,n.战悚；颤抖 v.发抖；忧虑；震颤,2748
2749,n.震动；颤动；战栗；兴奋；地震,2749
2750,n.趋势；倾向；方位 vi.倾向；转向,2750
2751,n.恐惧；惊惶；忧虑；颤抖,2751
2752,n.审讯；试验；试用；尝试；预赛或选拔赛；讨厌的事；惹麻烦的人 v.测试,2752
2753,n.三角(形),2753
2754,vi.滴流；慢慢移动 n.细流；徐徐地流,2754
2755,adj.微不足道的；轻浮的 动词trifle的现在分词形式.,2755
2756,adj.不重要的；琐碎的,2756
2757,n.疾走；慢跑；老太婆；现成译本 （复数）trots:腹泻（与the连用）. v.小跑；快步走,2757
2758,n.凯旋；成就；胜利；欢欣 vi.战胜；庆祝胜利,2758
2759,v.缓慢或吃力地走 n.长途跋涉,2759
2760,adj.难受的；令人厌烦的 动词try的现在分词.,2760
2761,n.用力拉；拖船 v.用力拉,2761
2762,adj.狂暴的；骚动的；动荡的；汹涌的,2762
2763,n.混乱；骚动,2763
2764,n.小枝；嫩枝 v.理解；领悟,2764
2765,adj.特有的；典型的；有代表性的,2765
2766,n.一致同意；全体一致,2766
2767,adj.公正的,2767
2768,adj.全体一致的；一致同意的,2768
2769,adj.不合身的；不相称的；不适当的；不得体的,2769
2770,adj.清白的；无疵的,2770
2771,adj.失去知觉的；无意的,2771
2772,adj.神秘的；不可思议的,2772
2773,adj.非传统的；不合惯例的；非常规的,2773
2774,adj.不屈不挠的；无畏的,2774
2775,n.低估 v.低估,2775
2776,n.事业；企业；保证；许诺；殡仪业,2776
2777,v.解开；松开；取消,2777
2778,v.发掘；掘出；发现并披露,2778
2779,adj.不公平的；(商业上)不正当的,2779
2780,adv.不幸地；遗憾地,2780
2781,n.宇宙；万物；世界,2781
2782,adj.普遍的；全世界的；宇宙的；全体的；通用的 n.通用,2782
2783,adj.独特的；独一无二的；稀罕的,2783
2784,adj.难控制的；无法无天的；任性的,2784
2785,adj.不体面的；不相配的；不适宜的 adv.不适当地,2785
2786,adj.坚定的；不动摇的；泰然自若的,2786
2787,vt.揭开；公布 vi.揭开,2787
2788,v.支持；维护；维持；举起,2788
2789,adj.直立的；垂直的；正直的 adv.垂直地 n.垂直；竖立；竖钢琴,2789
2790,n.起义；升起 动词uprise的现在分词.,2790
2791,n.骚动；喧嚣,2791
2792,adj.城市的；都市的,2792
2793,adj.心烦的；苦恼的；不安的；不适的 v.推翻；翻倒；颠覆；打乱；使心烦 n.混乱；推翻,2793
2794,vt.驱策；鼓励；催促；力陈 vi.极力主张 n.冲动；强烈愿望,2794
2795,adj.紧急的；急迫的；坚持要求的,2795
2796,adj.无用的；无效的,2796
2797,n.效用；实用；公用事业（费）；,2797
2798,vt.<美>利用或使用 =utilise（英）,2798
2799,n.真空；真空吸尘器；空白 adj.产生(利用)真空的 v.用吸尘器打扫,2799
2800,adj.不明确的；模糊的；茫然的；犹豫不决的,2800
2801,adj.勇敢的；英勇的 n.勇士；勇敢的人,2801
2802,adj.有效的；有根据的；合法的；正当的,2802
2803,n.英勇；勇猛,2803
2804,vi.消失；绝迹；不见了,2804
2805,n.自负；虚荣心；无价值的东西；浮华,2805
2806,v.征服；克服；击败,2806
2807,adj.可变的；易变的 n.变量；易变的东西,2807
2808,n.变体 adj.不同的,2808
2809,n.变种；变奏曲；变动；变化,2809
2810,adj.各种各样的,2810
2811,n.油漆；掩饰；光泽面；指甲油 v.粉饰；涂油漆于；使光亮,2811
2812,v.改变；变化；使多样化,2812
2813,adj.巨大的；广阔的,2813
2814,n.窖；穹；地下室；撑竿跳 vt.做成圆拱形；撑竿跳跃 vi.跳跃,2814
2815,vt.转向；改变 n.转向,2815
2816,n.热烈；猛烈,2816
2817,adj.感情强烈的；猛烈的,2817
2818,n.静脉；纹理；叶脉；岩脉 vt.使有脉络；用脉络装饰,2818
2819,v.尊敬；尊崇；崇拜,2819
2820,n.通风；通风设备；充气；公开讨论,2820
2821,n.冒险(事业)；风险；投机；企业 v.冒险；敢于；冒昧地说,2821
2822,n.裁决；定论,2822
2823,vt.核实；证明,2823
2824,adj.多才多艺的；通用的；多功能的,2824
2825,n.诗；韵文；诗节 vi.作诗 vt.诗化；在诗中表现；对 ... 精通,2825
2826,n.版本；说法；译本；形式,2826
2827,adj.垂直的；纵向的；顶点的 n.垂直物；垂直的位置,2827
2828,n.丝毫；遗迹；痕迹；退化的器官,2828
2829,adj.老练的 n.老手；老兵,2829
2830,n.否决；否决权 v.否决,2830
2831,n.震动；颤动,2831
2832,adj.警戒的；警惕的,2832
2833,vt.使恼怒；使恼火；烦扰；使困惑,2833
2834,n.活力；精力,2834
2835,adj.精力充沛的；有力的；元气旺盛的,2835
2836,v.证明无辜；证明 ... 正确；维护（权利等）；<废>报仇,2836
2837,v.侵犯；违反；扰乱；亵渎；强奸,2837
2838,n.违反；违背；妨碍,2838
2839,adj.猛烈的；强烈的；暴力的；极端的,2839
2840,adv.实际上；几乎,2840
2841,n.美德；德行；优点；贞操,2841
2842,adj.有品德的；有德行的；贞洁的,2842
2843,adj.至关重要的；有活力的；生死攸关的,2843
2844,adj.生动的；鲜艳的；栩栩如生的,2844
2845,n.职业；行业；使命,2845
2846,n.火山,2846
2847,adj.空的；无效的；缺乏的 n.真空；空白；空虚 vt.使无效；排泄；使空出 vi.排泄,2847
2848,n.时尚；流行,2848
2849,n.卷；体积；册；音量；容量,2849
2850,adj.自愿的；志愿的 n.(教堂礼拜仪式前后或进行期间的)乐器独奏,2850
2851,n.志愿者；(自行生长的)植物 v.(自愿)做,2851
2852,n.选举权；投票；选举；投票结果 v.表决；选举；投票,2852
2853,adj.通俗的；粗俗的；乡土的 n.平民，百姓,2853
2854,n.粗俗；粗鄙；卑俗性,2854
2855,adj.易受伤害的；有弱点的；脆弱的,2855
2856,v.(狗)摇摆(尾巴)；(狗尾巴)摇摆；摇(头或手表示不赞成)；逃学；饶舌；<古>离别 n.摇摆；诙谐幽默的人；逃学,2856
2857,v.跋涉；涉水 n.跋涉,2857
2858,n.棒；棍；杖；魔杖；嫩枝；<美>箭靶,2858
2859,n.衰落；亏缺；变弱 v.变小；亏缺；呈下弦,2859
2860,n.制品；器具；货物,2860
2861,adv.留心地；谨慎地；警惕地,2861
2862,n.委任状；凭证；根据；正当理由 vt.担保；保证；辩解；授权,2862
2863,vt.警告；告诫；预先通知 vi.发出警告,2863
2864,n.保单；根据；保修期,2864
2865,adj.小心的；机警的,2865
2866,v.动摇；摇曳；犹豫；颤抖 n.动摇；踌躇；挥动者；烫发器,2866
2867,v.注视；看守；观看 n.手表；监视；看守；值班,2867
2868,adj.离奇的；古怪的；怪异的 n.命运；预言者,2868
2869,n.天气；气象；境遇 vt.使风化；经受住；使日晒雨淋 vi.风化；褪色；经受风雨 adj.上风的；天气预报的,2869
2870,n.福利；福利事业；幸福,2870
2871,v.(以甜言蜜语)诱惑；(用甜言蜜语)哄骗,2871
2872,n.一时的兴致；奇想,2872
2873,v.作呼呼声；发飕飕声的飞或转 n.呼呼声；飕飕声 =whirr.,2873
2874,n.些微；一点点,2874
2875,adj.有益健康的；合乎卫生的,2875
2876,v.行使；施加(影响)；使用(武器等)；挥舞,2876
2877,adj.渴望的；忧思的；留恋的,2877
2878,vt.撤回；取回；撤退；提款 vi.撤退；退缩；走开,2878
2879,n.智力；才智；机智；风趣 v.<古>知道；即,2879
2880,vi.枯萎，干枯；凋谢 vt.以鄙视等态度慑服某人；使枯萎，使凋谢，使衰弱,2880
2881,n.目击者；证人 vt.目击；经历；见证；出席；观察 vi.证明；为(宗教信仰)做见证,2881
2882,adj.机智的；诙谐的,2882
2883,adj.世间的；世俗的；善于处世的,2883
2884,adj.有价值的；可尊敬的；值得的；配得上的 n.知名人士；杰出人物,2884
2885,n.愤怒；激怒,2885
2886,adj.面部肌肉扭曲的；啼笑皆非的；讽刺的,2886
2887,v.拧；绞出；拧断（脖子）；使痛苦；强迫取得 n.扭绞,2887
2888,v.大叫 n.大喊,2888
2889,n.吠；叫喊声 v.吠；叫喊,2889
2890,n.日元 n.上瘾 vi.对 ... 上瘾,2890
2891,n.热心者；狂热者 Zealot: 犹太教的狂热信徒.,2891
2892,adj.热心的；狂热的；热衷的,2892
2893,n.热情；风味；(橙子、柠檬等的)皮,2893
2894,n.地域；地带；地区,2894
