1,abdicate,0,0,10
2,ablaze,0,0,10
3,abduct,0,0,10
4,abashed,0,0,10
5,abhor,0,0,10
6,abate,0,0,10
7,abhorrent,0,0,10
8,abolish,0,0,10
9,abide,0,0,10
10,abnormal,0,0,10
11,abortive,0,0,10
12,aborignal,0,0,10
13,abridge,0,0,10
14,ability,0,0,10
15,absolve,0,0,10
16,absorbing,0,0,10
17,abstain,0,0,10
18,abstinence,0,0,10
19,absolute,0,0,10
20,abstraction,0,0,10
21,abstruse,0,0,10
22,absurd,0,0,10
23,abundant,0,0,10
24,absorb,0,0,10
25,academic,0,0,10
26,accelerate,0,0,10
27,abstract,0,0,10
28,accentuate,0,0,10
29,accidental,0,0,10
30,acclaim,0,0,10
31,accommodate,0,0,10
32,accompany,0,0,10
33,abuse,0,0,10
34,accomplished,0,0,10
35,accomplice,0,0,10
36,access,0,0,10
37,accost,0,0,10
38,accredit,0,0,10
39,accumulate,0,0,10
40,accurate,0,0,10
41,accusation,0,0,10
42,accuse,0,0,10
43,accustom,0,0,10
44,acid,0,0,10
45,acquire,0,0,10
46,acquisitive,0,0,10
47,acquit,0,0,10
48,acrid,0,0,10
49,acrimonious,0,0,10
50,acrimony,0,0,10
51,account,0,0,10
52,acting,0,0,10
53,acknowledge,0,0,10
54,achieve,0,0,10
55,active,0,0,10
56,acumen,0,0,10
57,actual,0,0,10
58,acute,0,0,10
59,adage,0,0,10
60,adaptation,0,0,10
61,adaptable,0,0,10
62,action,0,0,10
63,addict,0,0,10
64,adapt,0,0,10
65,adept,0,0,10
66,addicted,0,0,10
67,adequate,0,0,10
68,adhere,0,0,10
69,adherence,0,0,10
70,adhesive,0,0,10
71,adjacent,0,0,10
72,adjoin,0,0,10
73,adjoining,0,0,10
74,adjourn,0,0,10
75,adjust,0,0,10
76,administer,0,0,10
77,administration,0,0,10
78,admirable,0,0,10
79,admire,0,0,10
80,admonish,0,0,10
81,admit,0,0,10
82,adopt,0,0,10
83,adore,0,0,10
84,adroit,0,0,10
85,adverse,0,0,10
86,adversity,0,0,10
87,advice,0,0,10
88,advisable,0,0,10
89,advocate,0,0,10
90,aesthetic,0,0,10
91,affable,0,0,10
92,affect,0,0,10
93,advance,0,0,10
94,affection,0,0,10
95,affectionate,0,0,10
96,affiliate,0,0,10
97,affinity,0,0,10
98,advise,0,0,10
99,afflict,0,0,10
100,affirm,0,0,10
101,afflicting,0,0,10
102,affluence,0,0,10
103,affluent,0,0,10
104,afford,0,0,10
105,age,0,0,10
106,aged,0,0,10
107,agenda,0,0,10
108,aggravate,0,0,10
109,aggression,0,0,10
110,aggressive,0,0,10
111,aghast,0,0,10
112,agile,0,0,10
113,agility,0,0,10
114,agitate,0,0,10
115,agonize,0,0,10
116,agrarian,0,0,10
117,agreeable,0,0,10
118,aggregate,0,0,10
119,aim,0,0,10
120,algebra,0,0,10
121,alert,0,0,10
122,alien,0,0,10
123,alienate,0,0,10
124,alkali,0,0,10
125,allegiance,0,0,10
126,allege,0,0,10
127,allegory,0,0,10
128,alleviate,0,0,10
129,alliance,0,0,10
130,allocate,0,0,10
131,allot,0,0,10
132,allude,0,0,10
133,allure,0,0,10
134,allusion,0,0,10
135,ally,0,0,10
136,alone,0,0,10
137,alter,0,0,10
138,alternate,0,0,10
139,alternative,0,0,10
140,altruism,0,0,10
141,aluminium,0,0,10
142,alumnus,0,0,10
143,amalgamate,0,0,10
144,amass,0,0,10
145,amateur,0,0,10
146,amazed,0,0,10
147,ambiguous,0,0,10
148,ambitious,0,0,10
149,amenable,0,0,10
150,amend,0,0,10
151,amiable,0,0,10
152,amicable,0,0,10
153,amount,0,0,10
154,ample,0,0,10
155,amplify,0,0,10
156,analogous,0,0,10
157,analogy,0,0,10
158,analysis,0,0,10
159,anecdote,0,0,10
160,angle,0,0,10
161,animated,0,0,10
162,anguish,0,0,10
163,annex,0,0,10
164,annihilate,0,0,10
165,annotate,0,0,10
166,announce,0,0,10
167,annoy,0,0,10
168,annul,0,0,10
169,annually,0,0,10
170,anomalous,0,0,10
171,anomaly,0,0,10
172,antagonism,0,0,10
173,anonymous,0,0,10
174,antagonist,0,0,10
175,anticipate,0,0,10
176,antique,0,0,10
177,antiquity,0,0,10
178,antiseptic,0,0,10
179,anxious,0,0,10
180,apathetic,0,0,10
181,aperture,0,0,10
182,apologize,0,0,10
183,apparel,0,0,10
184,apex,0,0,10
185,appeal,0,0,10
186,appear,0,0,10
187,applaud,0,0,10
188,applicant,0,0,10
189,application,0,0,10
190,appoint,0,0,10
191,appraise,0,0,10
192,appreciate,0,0,10
193,apprehension,0,0,10
194,apprehend,0,0,10
195,apprentice,0,0,10
196,appropriate,0,0,10
197,approve,0,0,10
198,approximate,0,0,10
199,apt,0,0,10
200,arable,0,0,10
201,aptitude,0,0,10
202,arbitrator,0,0,10
203,archaic,0,0,10
204,arbitration,0,0,10
205,ardent,0,0,10
206,ardor,0,0,10
207,arduous,0,0,10
208,arid,0,0,10
209,aristocrat,0,0,10
210,arithmetic,0,0,10
211,armament,0,0,10
212,aroma,0,0,10
213,armor,0,0,10
214,arouse,0,0,10
215,arrange,0,0,10
216,arrogance,0,0,10
217,array,0,0,10
218,arrogant,0,0,10
219,article,0,0,10
220,ascend,0,0,10
221,ascent,0,0,10
222,ascertain,0,0,10
223,ascetic,0,0,10
224,aspect,0,0,10
225,asperse,0,0,10
226,aspersion,0,0,10
227,aspiration,0,0,10
228,aspire,0,0,10
229,assail,0,0,10
230,assassin,0,0,10
231,assassinate,0,0,10
232,assault,0,0,10
233,assemble,0,0,10
234,assembly,0,0,10
235,assert,0,0,10
236,assess,0,0,10
237,asset,0,0,10
238,assiduous,0,0,10
239,assign,0,0,10
240,assimilate,0,0,10
241,associate,0,0,10
242,association,0,0,10
243,assuage,0,0,10
244,assumption,0,0,10
245,assure,0,0,10
246,assist,0,0,10
247,astonish,0,0,10
248,astonished,0,0,10
249,astronomy,0,0,10
250,astound,0,0,10
251,astute,0,0,10
252,atheism,0,0,10
253,athlete,0,0,10
254,atmosphere,0,0,10
255,atom,0,0,10
256,attachment,0,0,10
257,attainment,0,0,10
258,attendant,0,0,10
259,attorney,0,0,10
260,attribute,0,0,10
261,attribute,0,0,10
262,attrition,0,0,10
263,audience,0,0,10
264,audit,0,0,10
265,audition,0,0,10
266,attend,0,0,10
267,auditor,0,0,10
268,auditorium,0,0,10
269,augment,0,0,10
270,auspices,0,0,10
271,aura,0,0,10
272,auspicious,0,0,10
273,austerity,0,0,10
274,authentic,0,0,10
275,authoritative,0,0,10
276,authority,0,0,10
277,authorize,0,0,10
278,autocrat,0,0,10
279,autonomy,0,0,10
280,available,0,0,10
281,avalanche,0,0,10
282,avarice,0,0,10
283,avaricious,0,0,10
284,average,0,0,10
285,aversion,0,0,10
286,avert,0,0,10
287,aviator,0,0,10
288,avid,0,0,10
289,avoid,0,0,10
290,avow,0,0,10
291,awe,0,0,10
292,awkward,0,0,10
293,axis,0,0,10
294,baggage,0,0,10
295,backward,0,0,10
296,bait,0,0,10
297,balance,0,0,10
298,bald,0,0,10
299,balk,0,0,10
300,ballot,0,0,10
301,balmy,0,0,10
302,ban,0,0,10
303,bandit,0,0,10
304,banish,0,0,10
305,bankruptcy,0,0,10
306,banquet,0,0,10
307,bar,0,0,10
308,barbarian,0,0,10
309,bare,0,0,10
310,barely,0,0,10
311,barometer,0,0,10
312,barren,0,0,10
313,barricade,0,0,10
314,barrier,0,0,10
315,barter,0,0,10
316,bashful,0,0,10
317,basin,0,0,10
318,bask,0,0,10
319,baste,0,0,10
320,batter,0,0,10
321,beforehand,0,0,10
322,befuddle,0,0,10
323,beget,0,0,10
324,becoming,0,0,10
325,begrudge,0,0,10
326,beguile,0,0,10
327,behaviour,0,0,10
328,behave,0,0,10
329,bear,0,0,10
330,beat,0,0,10
331,belie,0,0,10
332,believer,0,0,10
333,belittle,0,0,10
334,belligerent,0,0,10
335,benefactor,0,0,10
336,beneficial,0,0,10
337,beneficiary,0,0,10
338,benevolent,0,0,10
339,benefit,0,0,10
340,benign,0,0,10
341,bent,0,0,10
342,bequest,0,0,10
343,berate,0,0,10
344,bereave,0,0,10
345,beset,0,0,10
346,besides,0,0,10
347,besiege,0,0,10
348,bestow,0,0,10
349,betray,0,0,10
350,beverage,0,0,10
351,bewilder,0,0,10
352,bias,0,0,10
353,bicker,0,0,10
354,bidding,0,0,10
355,bigoted,0,0,10
356,bill,0,0,10
357,biochemistry,0,0,10
358,bizarre,0,0,10
359,blackmail,0,0,10
360,blame,0,0,10
361,bland,0,0,10
362,blast,0,0,10
363,bleach,0,0,10
364,bleak,0,0,10
365,bleed,0,0,10
366,blemish,0,0,10
367,blend,0,0,10
368,blessed,0,0,10
369,blessing,0,0,10
370,blink,0,0,10
371,bliss,0,0,10
372,blunder,0,0,10
373,blunt,0,0,10
374,board,0,0,10
375,boast,0,0,10
376,boastful,0,0,10
377,bold,0,0,10
378,bombastic,0,0,10
379,bonanza,0,0,10
380,bond,0,0,10
381,block,0,0,10
382,bondage,0,0,10
383,bonus,0,0,10
384,boon,0,0,10
385,boredom,0,0,10
386,boring,0,0,10
387,botany,0,0,10
388,bound,0,0,10
389,boundary,0,0,10
390,boundless,0,0,10
391,bow,0,0,10
392,brace,0,0,10
393,brag,0,0,10
394,brain,0,0,10
395,brawl,0,0,10
396,breach,0,0,10
397,breakdown,0,0,10
398,breed,0,0,10
399,breeze,0,0,10
400,brighten,0,0,10
401,brew,0,0,10
402,brim,0,0,10
403,brink,0,0,10
404,brisk,0,0,10
405,brittle,0,0,10
406,broaden,0,0,10
407,bruise,0,0,10
408,brutal,0,0,10
409,bud,0,0,10
410,budge,0,0,10
411,budget,0,0,10
412,bulk,0,0,10
413,bulky,0,0,10
414,burglar,0,0,10
415,burning,0,0,10
416,burnish,0,0,10
417,butt,0,0,10
418,butter,0,0,10
419,byword,0,0,10
420,calibre,0,0,10
421,calculate,0,0,10
422,cancel,0,0,10
423,candidate,0,0,10
424,canny,0,0,10
425,canvas,0,0,10
426,capable,0,0,10
427,capacious,0,0,10
428,captivate,0,0,10
429,captivity,0,0,10
430,carbon,0,0,10
431,cardinal,0,0,10
432,career,0,0,10
433,carnage,0,0,10
434,carnal,0,0,10
435,castigate,0,0,10
436,casual,0,0,10
437,casualty,0,0,10
438,cataclysm,0,0,10
439,catastrophe,0,0,10
440,catching,0,0,10
441,categorical,0,0,10
442,cathedral,0,0,10
443,catholic,0,0,10
444,cause,0,0,10
445,caustic,0,0,10
446,cautious,0,0,10
447,cavern,0,0,10
448,ceaseless,0,0,10
449,celebrity,0,0,10
450,celestial,0,0,10
451,censor,0,0,10
452,censure,0,0,10
453,centigrade,0,0,10
454,ceremonial,0,0,10
455,ceremonious,0,0,10
456,ceremony,0,0,10
457,chafe,0,0,10
458,chalk,0,0,10
459,chaos,0,0,10
460,champion,0,0,10
461,character,0,0,10
462,charisma,0,0,10
463,charitable,0,0,10
464,charity,0,0,10
465,chary,0,0,10
466,chaste,0,0,10
467,chat,0,0,10
468,check,0,0,10
469,cherish,0,0,10
470,chide,0,0,10
471,charge,0,0,10
472,chiefly,0,0,10
473,chill,0,0,10
474,chilly,0,0,10
475,chirp,0,0,10
476,choice,0,0,10
477,choke,0,0,10
478,chop,0,0,10
479,choose,0,0,10
480,chore,0,0,10
481,chorus,0,0,10
482,Christian,0,0,10
483,chronic,0,0,10
484,chuckle,0,0,10
485,cipher,0,0,10
486,circuitous,0,0,10
487,circular,0,0,10
488,circulate,0,0,10
489,circulation,0,0,10
490,circumference,0,0,10
491,circumscribe,0,0,10
492,circumspect,0,0,10
493,circumvent,0,0,10
494,cite,0,0,10
495,civilian,0,0,10
496,clamour,0,0,10
497,clamp,0,0,10
498,clandestine,0,0,10
499,clarify,0,0,10
500,clause,0,0,10
501,cleanse,0,0,10
502,cleft,0,0,10
503,clergy,0,0,10
504,climate,0,0,10
505,climax,0,0,10
506,clinch,0,0,10
507,cling,0,0,10
508,clinic,0,0,10
509,clean,0,0,10
510,clip,0,0,10
511,clog,0,0,10
512,clot,0,0,10
513,clothing,0,0,10
514,clumsy,0,0,10
515,cluster,0,0,10
516,clutch,0,0,10
517,clutter,0,0,10
518,coarse,0,0,10
519,coddle,0,0,10
520,close,0,0,10
521,coax,0,0,10
522,cogent,0,0,10
523,cohere,0,0,10
524,coherent,0,0,10
525,cohesion,0,0,10
526,cohesive,0,0,10
527,coil,0,0,10
528,collaborate,0,0,10
529,coincide,0,0,10
530,coin,0,0,10
531,collapse,0,0,10
532,collateral,0,0,10
533,colloquial,0,0,10
534,colossal,0,0,10
535,combination,0,0,10
536,comet,0,0,10
537,commander,0,0,10
538,commence,0,0,10
539,commend,0,0,10
540,commentator,0,0,10
541,commerce,0,0,10
542,commission,0,0,10
543,committee,0,0,10
544,commodious,0,0,10
545,communicate,0,0,10
546,community,0,0,10
547,compact,0,0,10
548,company,0,0,10
549,comparable,0,0,10
550,comparative,0,0,10
551,compare,0,0,10
552,compassion,0,0,10
553,compatible,0,0,10
554,compel,0,0,10
555,compensation,0,0,10
556,compete,0,0,10
557,competent,0,0,10
558,compile,0,0,10
559,complementary,0,0,10
560,complaint,0,0,10
561,complete,0,0,10
562,complement,0,0,10
563,complex,0,0,10
564,complicate,0,0,10
565,compliment,0,0,10
566,complimentary,0,0,10
567,comply,0,0,10
568,component,0,0,10
569,composed,0,0,10
570,composure,0,0,10
571,comprehensive,0,0,10
572,comprehend,0,0,10
573,comprise,0,0,10
574,compulsive,0,0,10
575,compulsory,0,0,10
576,conceal,0,0,10
577,concede,0,0,10
578,conceit,0,0,10
579,conceive,0,0,10
580,concerned,0,0,10
581,concert,0,0,10
582,concerted,0,0,10
583,concession,0,0,10
584,conciliatory,0,0,10
585,concise,0,0,10
586,conclude,0,0,10
587,conclusive,0,0,10
588,concoct,0,0,10
589,concrete,0,0,10
590,concur,0,0,10
591,concurrence,0,0,10
592,concurrent,0,0,10
593,condemn,0,0,10
594,condiment,0,0,10
595,condition,0,0,10
596,condone,0,0,10
597,conduct,0,0,10
598,cone,0,0,10
599,confederate,0,0,10
600,confer,0,0,10
601,conference,0,0,10
602,confide,0,0,10
603,confess,0,0,10
604,confidence,0,0,10
605,confident,0,0,10
606,confidential,0,0,10
607,confine,0,0,10
608,confirm,0,0,10
609,confiscate,0,0,10
610,confound,0,0,10
611,confuse,0,0,10
612,congenial,0,0,10
613,congregate,0,0,10
614,congested,0,0,10
615,congressman,0,0,10
616,congruity,0,0,10
617,conjure,0,0,10
618,connivance,0,0,10
619,connive,0,0,10
620,connoisseur,0,0,10
621,conscience,0,0,10
622,conscientious,0,0,10
623,conscious,0,0,10
624,consecrate,0,0,10
625,consecutive,0,0,10
626,consensus,0,0,10
627,conservative,0,0,10
628,conservatory,0,0,10
629,conserve,0,0,10
630,consider,0,0,10
631,considerable,0,0,10
632,considerate,0,0,10
633,console,0,0,10
634,consolidate,0,0,10
635,consort,0,0,10
636,conspicuous,0,0,10
637,conspiracy,0,0,10
638,conspire,0,0,10
639,constant,0,0,10
640,constellation,0,0,10
641,constitute,0,0,10
642,constrain,0,0,10
643,constrict,0,0,10
644,construct,0,0,10
645,construe,0,0,10
646,consult,0,0,10
647,consumer,0,0,10
648,consume,0,0,10
649,contagious,0,0,10
650,container,0,0,10
651,contaminate,0,0,10
652,contempt,0,0,10
653,contemplate,0,0,10
654,contemptible,0,0,10
655,contemptuous,0,0,10
656,contend,0,0,10
657,continent,0,0,10
658,content,0,0,10
659,contingent,0,0,10
660,continually,0,0,10
661,contract,0,0,10
662,contour,0,0,10
663,contradict,0,0,10
664,contract,0,0,10
665,contrast,0,0,10
666,contravene,0,0,10
667,contrive,0,0,10
668,contrite,0,0,10
669,controversy,0,0,10
670,controversial,0,0,10
671,controvert,0,0,10
672,convene,0,0,10
673,convenient,0,0,10
674,convention,0,0,10
675,conventional,0,0,10
676,convert,0,0,10
677,convey,0,0,10
678,convict,0,0,10
679,convoy,0,0,10
680,cooperation,0,0,10
681,coordinate,0,0,10
682,copper,0,0,10
683,cordial,0,0,10
684,copy,0,0,10
685,corps,0,0,10
686,corpse,0,0,10
687,corpulent,0,0,10
688,correct,0,0,10
689,correlate,0,0,10
690,correspondence,0,0,10
691,corroborate,0,0,10
692,corrode,0,0,10
693,costume,0,0,10
694,cosmopolitan,0,0,10
695,counterfeit,0,0,10
696,counsel,0,0,10
697,counterpart,0,0,10
698,countless,0,0,10
699,court,0,0,10
700,courteous,0,0,10
701,cover,0,0,10
702,covetous,0,0,10
703,cower,0,0,10
704,craft,0,0,10
705,cozy,0,0,10
706,crafty,0,0,10
707,cram,0,0,10
708,crash,0,0,10
709,crave,0,0,10
710,crazy,0,0,10
711,credential,0,0,10
712,credit,0,0,10
713,credulous,0,0,10
714,creed,0,0,10
715,crevasse,0,0,10
716,creek,0,0,10
717,crew,0,0,10
718,crisp,0,0,10
719,critical,0,0,10
720,crooked,0,0,10
721,crucial,0,0,10
722,crude,0,0,10
723,cruel,0,0,10
724,crumble,0,0,10
725,crumple,0,0,10
726,crush,0,0,10
727,crust,0,0,10
728,cryptic,0,0,10
729,crystal,0,0,10
730,cubic,0,0,10
731,cuisine,0,0,10
732,culmination,0,0,10
733,culpable,0,0,10
734,cult,0,0,10
735,cultivate,0,0,10
736,cultivation,0,0,10
737,cunning,0,0,10
738,curb,0,0,10
739,curiosity,0,0,10
740,curious,0,0,10
741,currency,0,0,10
742,current,0,0,10
743,cursory,0,0,10
744,curt,0,0,10
745,curtail,0,0,10
746,cushion,0,0,10
747,custom,0,0,10
748,cynical,0,0,10
749,dagger,0,0,10
750,damp,0,0,10
751,dampen,0,0,10
752,dangerous,0,0,10
753,dangle,0,0,10
754,dank,0,0,10
755,daring,0,0,10
756,dart,0,0,10
757,dated,0,0,10
758,dauntless,0,0,10
759,daze,0,0,10
760,dazzle,0,0,10
761,dazzling,0,0,10
762,dead,0,0,10
763,deadly,0,0,10
764,deal,0,0,10
765,debatable,0,0,10
766,debtor,0,0,10
767,decadence,0,0,10
768,debt,0,0,10
769,decay,0,0,10
770,deceitful,0,0,10
771,deceit,0,0,10
772,deceive,0,0,10
773,decent,0,0,10
774,deceptive,0,0,10
775,declaim,0,0,10
776,decide,0,0,10
777,decimal,0,0,10
778,decline,0,0,10
779,declivity,0,0,10
780,decorum,0,0,10
781,decree,0,0,10
782,decry,0,0,10
783,dedicate,0,0,10
784,deem,0,0,10
785,defame,0,0,10
786,default,0,0,10
787,defect,0,0,10
788,defection,0,0,10
789,defective,0,0,10
790,defend,0,0,10
791,defer,0,0,10
792,deference,0,0,10
793,deferential,0,0,10
794,defiant,0,0,10
795,deficit,0,0,10
796,defile,0,0,10
797,definite,0,0,10
798,deflect,0,0,10
799,deform,0,0,10
800,defraud,0,0,10
801,deft,0,0,10
802,defunct,0,0,10
803,degenerate,0,0,10
804,defy,0,0,10
805,degrade,0,0,10
806,deity,0,0,10
807,dejected,0,0,10
808,delegate,0,0,10
809,delay,0,0,10
810,delete,0,0,10
811,deleterious,0,0,10
812,deliberate,0,0,10
813,delicious,0,0,10
814,delicate,0,0,10
815,delineate,0,0,10
816,delude,0,0,10
817,democracy,0,0,10
818,demise,0,0,10
819,demolish,0,0,10
820,demonstrate,0,0,10
821,demur,0,0,10
822,denote,0,0,10
823,denounce,0,0,10
824,dense,0,0,10
825,density,0,0,10
826,deny,0,0,10
827,dependent,0,0,10
828,depart,0,0,10
829,depict,0,0,10
830,deplore,0,0,10
831,deport,0,0,10
832,deposit,0,0,10
833,deprecate,0,0,10
834,depot,0,0,10
835,depreciate,0,0,10
836,depress,0,0,10
837,depression,0,0,10
838,deputy,0,0,10
839,derange,0,0,10
840,deride,0,0,10
841,deserve,0,0,10
842,desert,0,0,10
843,designate,0,0,10
844,design,0,0,10
845,designing,0,0,10
846,desirable,0,0,10
847,desire,0,0,10
848,desirous,0,0,10
849,desolate,0,0,10
850,despatch,0,0,10
851,despicable,0,0,10
852,despoil,0,0,10
853,despise,0,0,10
854,dessert,0,0,10
855,destination,0,0,10
856,destine,0,0,10
857,destructive,0,0,10
858,destiny,0,0,10
859,detach,0,0,10
860,detached,0,0,10
861,detain,0,0,10
862,determination,0,0,10
863,detect,0,0,10
864,determine,0,0,10
865,deterrent,0,0,10
866,detest,0,0,10
867,detract,0,0,10
868,detriment,0,0,10
869,detrimental,0,0,10
870,devastate,0,0,10
871,develop,0,0,10
872,deviate,0,0,10
873,device,0,0,10
874,devious,0,0,10
875,devise,0,0,10
876,devoid,0,0,10
877,devoted,0,0,10
878,devotion,0,0,10
879,devour,0,0,10
880,devout,0,0,10
881,dexterous,0,0,10
882,diagnose,0,0,10
883,diagnosis,0,0,10
884,diagram,0,0,10
885,dialect,0,0,10
886,dialogue,0,0,10
887,diameter,0,0,10
888,dictatorial,0,0,10
889,diet,0,0,10
890,diffuse,0,0,10
891,dignified,0,0,10
892,dignity,0,0,10
893,dignify,0,0,10
894,digress,0,0,10
895,dilate,0,0,10
896,dilemma,0,0,10
897,diligent,0,0,10
898,dilute,0,0,10
899,dim,0,0,10
900,dimension,0,0,10
901,diminish,0,0,10
902,diminutive,0,0,10
903,dingy,0,0,10
904,diplomacy,0,0,10
905,diplomatic,0,0,10
906,direct,0,0,10
907,disarm,0,0,10
908,disarming,0,0,10
909,disarrange,0,0,10
910,disarray,0,0,10
911,disastrous,0,0,10
912,disaster,0,0,10
913,disband,0,0,10
914,disburse,0,0,10
915,discard,0,0,10
916,discerm,0,0,10
917,discernible,0,0,10
918,discharge,0,0,10
919,disciple,0,0,10
920,disclaim,0,0,10
921,discord,0,0,10
922,discourse,0,0,10
923,discount,0,0,10
924,discreet,0,0,10
925,discrete,0,0,10
926,discretion,0,0,10
927,discrimination,0,0,10
928,disdain,0,0,10
929,disfigure,0,0,10
930,disgust,0,0,10
931,disgrace,0,0,10
932,disparage,0,0,10
933,disinterested,0,0,10
934,dismal,0,0,10
935,dismay,0,0,10
936,dispatch,0,0,10
937,dispensable,0,0,10
938,displace,0,0,10
939,dispose,0,0,10
940,disprove,0,0,10
941,disposition,0,0,10
942,disreputable,0,0,10
943,disrespectful,0,0,10
944,disrupt,0,0,10
945,dissect,0,0,10
946,dissemble,0,0,10
947,disseminate,0,0,10
948,dissimilar,0,0,10
949,dissimulate,0,0,10
950,dissipate,0,0,10
951,distillation,0,0,10
952,distant,0,0,10
953,distort,0,0,10
954,distract,0,0,10
955,distressed,0,0,10
956,distribute,0,0,10
957,disunite,0,0,10
958,diverge,0,0,10
959,divergent,0,0,10
960,diverse,0,0,10
961,divulge,0,0,10
962,diversify,0,0,10
963,doctrine,0,0,10
964,divide,0,0,10
965,dodge,0,0,10
966,dogma,0,0,10
967,dogmatic,0,0,10
968,doleful,0,0,10
969,dolphin,0,0,10
970,domestic,0,0,10
971,dominant,0,0,10
972,domineering,0,0,10
973,dominate,0,0,10
974,donate,0,0,10
975,dominion,0,0,10
976,donor,0,0,10
977,doom,0,0,10
978,dormant,0,0,10
979,dormitory,0,0,10
980,doubt,0,0,10
981,doubtful,0,0,10
982,down-hearted,0,0,10
983,doze,0,0,10
984,drag,0,0,10
985,drawback,0,0,10
986,dread,0,0,10
987,drizzle,0,0,10
988,downcast,0,0,10
989,drastic,0,0,10
990,dual,0,0,10
991,dubious,0,0,10
992,ductile,0,0,10
993,dumb,0,0,10
994,dungeon,0,0,10
995,drought,0,0,10
996,drowsy,0,0,10
997,durable,0,0,10
998,dusky,0,0,10
999,dwell,0,0,10
1000,dwindle,0,0,10
1001,dye,0,0,10
1002,ebb,0,0,10
1003,eccentric,0,0,10
1004,economic,0,0,10
1005,economical,0,0,10
1006,economics,0,0,10
1007,dwelling,0,0,10
1008,economize,0,0,10
1009,due,0,0,10
1010,ecstasy,0,0,10
1011,edge,0,0,10
1012,edible,0,0,10
1013,edify,0,0,10
1014,efface,0,0,10
1015,effective,0,0,10
1016,effectuate,0,0,10
1017,effuse,0,0,10
1018,efficient,0,0,10
1019,egoist,0,0,10
1020,elapse,0,0,10
1021,effect,0,0,10
1022,elasticity,0,0,10
1023,elation,0,0,10
1024,election,0,0,10
1025,elegant,0,0,10
1026,elementary,0,0,10
1027,eject,0,0,10
1028,elaborate,0,0,10
1029,elite,0,0,10
1030,eloquence,0,0,10
1031,eloquent,0,0,10
1032,elevate,0,0,10
1033,elucidate,0,0,10
1034,element,0,0,10
1035,elude,0,0,10
1036,elusive,0,0,10
1037,emaciate,0,0,10
1038,emaciated,0,0,10
1039,embalm,0,0,10
1040,embarrass,0,0,10
1041,embellish,0,0,10
1042,embezzle,0,0,10
1043,embody,0,0,10
1044,embrace,0,0,10
1045,embroider,0,0,10
1046,emend,0,0,10
1047,emigrate,0,0,10
1048,emerge,0,0,10
1049,eminent,0,0,10
1050,emphasize,0,0,10
1051,emphatic,0,0,10
1052,employee,0,0,10
1053,employer,0,0,10
1054,empower,0,0,10
1055,emulate,0,0,10
1056,enable,0,0,10
1057,enact,0,0,10
1058,enchant,0,0,10
1059,encompass,0,0,10
1060,encroach,0,0,10
1061,encourage,0,0,10
1062,encumber,0,0,10
1063,empty,0,0,10
1064,endanger,0,0,10
1065,endeavour,0,0,10
1066,endless,0,0,10
1067,endorse,0,0,10
1068,endure,0,0,10
1069,energetic,0,0,10
1070,energize,0,0,10
1071,enervate,0,0,10
1072,engender,0,0,10
1073,engross,0,0,10
1074,engrossed,0,0,10
1075,engulf,0,0,10
1076,enhance,0,0,10
1077,enigma,0,0,10
1078,enigmatic,0,0,10
1079,enlighten,0,0,10
1080,enormous,0,0,10
1081,enlist,0,0,10
1082,enrage,0,0,10
1083,enrapture,0,0,10
1084,enrich,0,0,10
1085,enslave,0,0,10
1086,entail,0,0,10
1087,entangle,0,0,10
1088,enterprise,0,0,10
1089,entertain,0,0,10
1090,enthral,0,0,10
1091,entice,0,0,10
1092,enthusiasm,0,0,10
1093,entitle,0,0,10
1094,entitle,0,0,10
1095,entity,0,0,10
1096,entrepreneur,0,0,10
1097,entrap,0,0,10
1098,entry,0,0,10
1099,enumerate,0,0,10
1100,enunciate,0,0,10
1101,envoy,0,0,10
1102,envelop,0,0,10
1103,epoch,0,0,10
1104,episode,0,0,10
1105,equal,0,0,10
1106,equate,0,0,10
1107,equation,0,0,10
1108,equator,0,0,10
1109,equilibrium,0,0,10
1110,equitable,0,0,10
1111,equipment,0,0,10
1112,equivalent,0,0,10
1113,equivocate,0,0,10
1114,equivocal,0,0,10
1115,erode,0,0,10
1116,erect,0,0,10
1117,erosion,0,0,10
1118,err,0,0,10
1119,erratic,0,0,10
1120,erroneous,0,0,10
1121,erupt,0,0,10
1122,escape,0,0,10
1123,eschew,0,0,10
1124,escort,0,0,10
1125,essential,0,0,10
1126,esteem,0,0,10
1127,estimable,0,0,10
1128,estimate,0,0,10
1129,eternal,0,0,10
1130,ethics,0,0,10
1131,ethnic,0,0,10
1132,etiquette,0,0,10
1133,erase,0,0,10
1134,euphonious,0,0,10
1135,evacuate,0,0,10
1136,evade,0,0,10
1137,evaluate,0,0,10
1138,evaporate,0,0,10
1139,evasion,0,0,10
1140,evasive,0,0,10
1141,even,0,0,10
1142,eventual,0,0,10
1143,evident,0,0,10
1144,evoke,0,0,10
1145,evolutionary,0,0,10
1146,evolve,0,0,10
1147,exacting,0,0,10
1148,exalt,0,0,10
1149,exaggerate,0,0,10
1150,exalted,0,0,10
1151,exasperate,0,0,10
1152,evidence,0,0,10
1153,excavate,0,0,10
1154,exception,0,0,10
1155,excellent,0,0,10
1156,excerpt,0,0,10
1157,exceptional,0,0,10
1158,excess,0,0,10
1159,excessive,0,0,10
1160,exchange,0,0,10
1161,excitement,0,0,10
1162,exclaim,0,0,10
1163,exclude,0,0,10
1164,exclusion,0,0,10
1165,exclusive,0,0,10
1166,excuse,0,0,10
1167,exemplary,0,0,10
1168,exemplify,0,0,10
1169,exempt,0,0,10
1170,exert,0,0,10
1171,exhale,0,0,10
1172,exhaustive,0,0,10
1173,exhaust,0,0,10
1174,exhibit,0,0,10
1175,exhume,0,0,10
1176,exist,0,0,10
1177,exile,0,0,10
1178,exit,0,0,10
1179,exodus,0,0,10
1180,exorbitant,0,0,10
1181,exotic,0,0,10
1182,expansive,0,0,10
1183,expedite,0,0,10
1184,expedition,0,0,10
1185,expedient,0,0,10
1186,expeditious,0,0,10
1187,experienced,0,0,10
1188,expertise,0,0,10
1189,expire,0,0,10
1190,explicit,0,0,10
1191,explode,0,0,10
1192,exploit,0,0,10
1193,explore,0,0,10
1194,explosive,0,0,10
1195,exposure,0,0,10
1196,expound,0,0,10
1197,exquisite,0,0,10
1198,exponent,0,0,10
1199,extemporaneous,0,0,10
1200,extant,0,0,10
1201,extension,0,0,10
1202,extensive,0,0,10
1203,extenuate,0,0,10
1204,exterminate,0,0,10
1205,external,0,0,10
1206,extinct,0,0,10
1207,extinction,0,0,10
1208,extol,0,0,10
1209,extort,0,0,10
1210,extinguish,0,0,10
1211,extraneous,0,0,10
1212,extravagant,0,0,10
1213,extricate,0,0,10
1214,exude,0,0,10
1215,eyewitness,0,0,10
1216,fabricate,0,0,10
1217,exultant,0,0,10
1218,facet,0,0,10
1219,facetious,0,0,10
1220,facility,0,0,10
1221,facile,0,0,10
1222,factious,0,0,10
1223,faint,0,0,10
1224,faithful,0,0,10
1225,fallible,0,0,10
1226,familiarize,0,0,10
1227,famish,0,0,10
1228,fanatic,0,0,10
1229,fanaticism,0,0,10
1230,fantasy,0,0,10
1231,farce,0,0,10
1232,fascinate,0,0,10
1233,fashionable,0,0,10
1234,fatalism,0,0,10
1235,fatuous,0,0,10
1236,feasible,0,0,10
1237,fateful,0,0,10
1238,feat,0,0,10
1239,feeble,0,0,10
1240,feign,0,0,10
1241,fermentation,0,0,10
1242,ferocious,0,0,10
1243,ferret,0,0,10
1244,fertile,0,0,10
1245,fertilizer,0,0,10
1246,fervent,0,0,10
1247,fester,0,0,10
1248,fetter,0,0,10
1249,feud,0,0,10
1250,feverish,0,0,10
1251,fickle,0,0,10
1252,fiction,0,0,10
1253,fictitious,0,0,10
1254,fidelity,0,0,10
1255,figment,0,0,10
1256,figure-head,0,0,10
1257,filthy,0,0,10
1258,final,0,0,10
1259,finance,0,0,10
1260,finch,0,0,10
1261,fishy,0,0,10
1262,firm,0,0,10
1263,fitful,0,0,10
1264,fitting,0,0,10
1265,fixed,0,0,10
1266,fixture,0,0,10
1267,flare,0,0,10
1268,flatter,0,0,10
1269,flay,0,0,10
1270,flavour,0,0,10
1271,flaw,0,0,10
1272,fit,0,0,10
1273,fine,0,0,10
1274,flee,0,0,10
1275,flexible,0,0,10
1276,flicker,0,0,10
1277,flighty,0,0,10
1278,flimsy,0,0,10
1279,flout,0,0,10
1280,flip,0,0,10
1281,flora,0,0,10
1282,flounder,0,0,10
1283,fluent,0,0,10
1284,fluffy,0,0,10
1285,flush,0,0,10
1286,fluctuate,0,0,10
1287,fluster,0,0,10
1288,foam,0,0,10
1289,fog,0,0,10
1290,foil,0,0,10
1291,foment,0,0,10
1292,foremost,0,0,10
1293,forbid,0,0,10
1294,foe,0,0,10
1295,forerunner,0,0,10
1296,foresight,0,0,10
1297,foresee,0,0,10
1298,forestall,0,0,10
1299,foretell,0,0,10
1300,forge,0,0,10
1301,formal,0,0,10
1302,formidable,0,0,10
1303,former,0,0,10
1304,forlorn,0,0,10
1305,forsake,0,0,10
1306,fort,0,0,10
1307,forth,0,0,10
1308,forte,0,0,10
1309,forthright,0,0,10
1310,fortify,0,0,10
1311,fortitude,0,0,10
1312,fortress,0,0,10
1313,fortunate,0,0,10
1314,fortuitous,0,0,10
1315,fortune,0,0,10
1316,foul,0,0,10
1317,fowl,0,0,10
1318,fraction,0,0,10
1319,fracture,0,0,10
1320,fragile,0,0,10
1321,fragment,0,0,10
1322,fragmentary,0,0,10
1323,fragrant,0,0,10
1324,frank,0,0,10
1325,fraternal,0,0,10
1326,frail,0,0,10
1327,fraud,0,0,10
1328,fraudulent,0,0,10
1329,fraught,0,0,10
1330,frenzy,0,0,10
1331,fret,0,0,10
1332,friction,0,0,10
1333,fright,0,0,10
1334,frown,0,0,10
1335,frigid,0,0,10
1336,frowzy,0,0,10
1337,frugal,0,0,10
1338,frustrate,0,0,10
1339,fulminate,0,0,10
1340,functional,0,0,10
1341,fund,0,0,10
1342,fundamental,0,0,10
1343,furious,0,0,10
1344,furniture,0,0,10
1345,further,0,0,10
1346,fury,0,0,10
1347,fusion,0,0,10
1348,futile,0,0,10
1349,fussy,0,0,10
1350,fuzz,0,0,10
1351,gainful,0,0,10
1352,gainsay,0,0,10
1353,galaxy,0,0,10
1354,gale,0,0,10
1355,gallant,0,0,10
1356,gallery,0,0,10
1357,gangster,0,0,10
1358,gap,0,0,10
1359,garner,0,0,10
1360,garnish,0,0,10
1361,gash,0,0,10
1362,garb,0,0,10
1363,gasoline,0,0,10
1364,gasp,0,0,10
1365,gauche,0,0,10
1366,gauge,0,0,10
1367,gaze,0,0,10
1368,gear,0,0,10
1369,gem,0,0,10
1370,general,0,0,10
1371,generalize,0,0,10
1372,generally,0,0,10
1373,generous,0,0,10
1374,generously,0,0,10
1375,generate,0,0,10
1376,genial,0,0,10
1377,genre,0,0,10
1378,genteel,0,0,10
1379,gentry,0,0,10
1380,gentility,0,0,10
1381,genuine,0,0,10
1382,geometry,0,0,10
1383,germinate,0,0,10
1384,gibe,0,0,10
1385,gild,0,0,10
1386,girdle,0,0,10
1387,gist,0,0,10
1388,glacial,0,0,10
1389,glamour,0,0,10
1390,glamorous,0,0,10
1391,glaring,0,0,10
1392,glaze,0,0,10
1393,gleam,0,0,10
1394,glean,0,0,10
1395,glide,0,0,10
1396,gleeful,0,0,10
1397,gloom,0,0,10
1398,gloomy,0,0,10
1399,glossary,0,0,10
1400,glorious,0,0,10
1401,glossy,0,0,10
1402,gnaw,0,0,10
1403,gorge,0,0,10
1404,gorgeous,0,0,10
1405,gossip,0,0,10
1406,govern,0,0,10
1407,grab,0,0,10
1408,gracious,0,0,10
1409,grasp,0,0,10
1410,grand,0,0,10
1411,gratify,0,0,10
1412,grateful,0,0,10
1413,gratitude,0,0,10
1414,gratuitous,0,0,10
1415,gravity,0,0,10
1416,grease,0,0,10
1417,greedy,0,0,10
1418,greasy,0,0,10
1419,grievance,0,0,10
1420,gregarious,0,0,10
1421,grieved,0,0,10
1422,grieve,0,0,10
1423,grim,0,0,10
1424,grind,0,0,10
1425,grip,0,0,10
1426,grotty,0,0,10
1427,grudge,0,0,10
1428,grope,0,0,10
1429,grumble,0,0,10
1430,grumpy,0,0,10
1431,guarantee,0,0,10
1432,guileless,0,0,10
1433,guise,0,0,10
1434,gush,0,0,10
1435,hackneyed,0,0,10
1436,haggle,0,0,10
1437,hamper,0,0,10
1438,handy,0,0,10
1439,handicap,0,0,10
1440,hail,0,0,10
1441,handle,0,0,10
1442,haphazard,0,0,10
1443,harass,0,0,10
1444,halt,0,0,10
1445,hardheaded,0,0,10
1446,hardly,0,0,10
1447,hardy,0,0,10
1448,harness,0,0,10
1449,harsh,0,0,10
1450,harry,0,0,10
1451,hasten,0,0,10
1452,harvest,0,0,10
1453,hasty,0,0,10
1454,hatch,0,0,10
1455,hatchet,0,0,10
1456,hatred,0,0,10
1457,haughty,0,0,10
1458,haul,0,0,10
1459,haunt,0,0,10
1460,haven,0,0,10
1461,hazard,0,0,10
1462,hazardous,0,0,10
1463,headstrong,0,0,10
1464,heal,0,0,10
1465,healthful,0,0,10
1466,hearsay,0,0,10
1467,hectic,0,0,10
1468,heave,0,0,10
1469,heirship,0,0,10
1470,heedless,0,0,10
1471,helpless,0,0,10
1472,head,0,0,10
1473,heredity,0,0,10
1474,heresy,0,0,10
1475,heritage,0,0,10
1476,hermit,0,0,10
1477,hew,0,0,10
1478,hesitate,0,0,10
1479,hideous,0,0,10
1480,highlight,0,0,10
1481,hike,0,0,10
1482,hilarious,0,0,10
1483,hinder,0,0,10
1484,hilarity,0,0,10
1485,hinge,0,0,10
1486,hinge,0,0,10
1487,hoarse,0,0,10
1488,hoax,0,0,10
1489,hoist,0,0,10
1490,holocaust,0,0,10
1491,homicide,0,0,10
1492,homage,0,0,10
1493,homogeneous,0,0,10
1494,horror,0,0,10
1495,horizontal,0,0,10
1496,hospitable,0,0,10
1497,hostile,0,0,10
1498,howl,0,0,10
1499,hubbub,0,0,10
1500,humid,0,0,10
1501,human,0,0,10
1502,humane,0,0,10
1503,humidity,0,0,10
1504,humiliate,0,0,10
1505,humorous,0,0,10
1506,hurdle,0,0,10
1507,hunger,0,0,10
1508,hurl,0,0,10
1509,hurricane,0,0,10
1510,hump,0,0,10
1511,husbandry,0,0,10
1512,hustle,0,0,10
1513,hybrid,0,0,10
1514,hygiene,0,0,10
1515,hypothesis,0,0,10
1516,identical,0,0,10
1517,ideology,0,0,10
1518,identify,0,0,10
1519,idiocy,0,0,10
1520,idiosyncrasy,0,0,10
1521,idiotic,0,0,10
1522,idiot,0,0,10
1523,idol,0,0,10
1524,idyllic,0,0,10
1525,ignite,0,0,10
1526,ignoble,0,0,10
1527,ignominious,0,0,10
1528,ignorance,0,0,10
1529,ignorant,0,0,10
1530,ignore,0,0,10
1531,illegible,0,0,10
1532,illegitimate,0,0,10
1533,illicit,0,0,10
1534,illiterate,0,0,10
1535,illuminate,0,0,10
1536,illusion,0,0,10
1537,illustrate,0,0,10
1538,illustrious,0,0,10
1539,imaginary,0,0,10
1540,imaginative,0,0,10
1541,imbibe,0,0,10
1542,imbue,0,0,10
1543,imitate,0,0,10
1544,immediate,0,0,10
1545,immense,0,0,10
1546,immerse,0,0,10
1547,immigrate,0,0,10
1548,imminent,0,0,10
1549,immobile,0,0,10
1550,immortal,0,0,10
1551,immune,0,0,10
1552,impact,0,0,10
1553,impair,0,0,10
1554,impale,0,0,10
1555,impart,0,0,10
1556,impartial,0,0,10
1557,impassioned,0,0,10
1558,impassive,0,0,10
1559,impatient,0,0,10
1560,impeach,0,0,10
1561,impeccable,0,0,10
1562,imperative,0,0,10
1563,impel,0,0,10
1564,impertinent,0,0,10
1565,impervious,0,0,10
1566,impetuous,0,0,10
1567,impetus,0,0,10
1568,implement,0,0,10
1569,implement,0,0,10
1570,implicate,0,0,10
1571,implicit,0,0,10
1572,imposing,0,0,10
1573,impotence,0,0,10
1574,impressively,0,0,10
1575,imprisonment,0,0,10
1576,impressionism,0,0,10
1577,impromptu,0,0,10
1578,impropriety,0,0,10
1579,improvident,0,0,10
1580,improvise,0,0,10
1581,imprudent,0,0,10
1582,impudent,0,0,10
1583,impulsive,0,0,10
1584,impulse,0,0,10
1585,impunity,0,0,10
1586,impurity,0,0,10
1587,impute,0,0,10
1588,inborn,0,0,10
1589,inaugurate,0,0,10
1590,incapacitate,0,0,10
1591,impure,0,0,10
1592,incense,0,0,10
1593,incentive,0,0,10
1594,incessant,0,0,10
1595,incipient,0,0,10
1596,incisive,0,0,10
1597,incite,0,0,10
1598,inclined,0,0,10
1599,incoherent,0,0,10
1600,incompatible,0,0,10
1601,incompetent,0,0,10
1602,inconceivable,0,0,10
1603,incongruity,0,0,10
1604,incongruous,0,0,10
1605,incorruptible,0,0,10
1606,incredible,0,0,10
1607,incredulity,0,0,10
1608,incriminate,0,0,10
1609,incur,0,0,10
1610,indecent,0,0,10
1611,indefatigable,0,0,10
1612,indefinite,0,0,10
1613,indent,0,0,10
1614,indemnity,0,0,10
1615,indicate,0,0,10
1616,indictment,0,0,10
1617,indifferent,0,0,10
1618,indigenous,0,0,10
1619,indigent,0,0,10
1620,indignant,0,0,10
1621,indomitable,0,0,10
1622,indolent,0,0,10
1623,induce,0,0,10
1624,industrial,0,0,10
1625,industrious,0,0,10
1626,indignity,0,0,10
1627,ineligible,0,0,10
1628,inept,0,0,10
1629,inert,0,0,10
1630,inertial,0,0,10
1631,inevitable,0,0,10
1632,infallible,0,0,10
1633,infamous,0,0,10
1634,infectious,0,0,10
1635,infect,0,0,10
1636,inferior,0,0,10
1637,inflation,0,0,10
1638,infer,0,0,10
1639,inflexible,0,0,10
1640,inflict,0,0,10
1641,influential,0,0,10
1642,influx,0,0,10
1643,informal,0,0,10
1644,infringe,0,0,10
1645,infuse,0,0,10
1646,ingenious,0,0,10
1647,inhabit,0,0,10
1648,inherent,0,0,10
1649,initial,0,0,10
1650,inhabitant,0,0,10
1651,initiate,0,0,10
1652,inject,0,0,10
1653,injure,0,0,10
1654,injurious,0,0,10
1655,innate,0,0,10
1656,innocent,0,0,10
1657,innovation,0,0,10
1658,innumerable,0,0,10
1659,inordinate,0,0,10
1660,inquisitive,0,0,10
1661,insane,0,0,10
1662,insert,0,0,10
1663,insinuate,0,0,10
1664,insist,0,0,10
1665,insolent,0,0,10
1666,inquiry,0,0,10
1667,inspect,0,0,10
1668,install,0,0,10
1669,instantaneous,0,0,10
1670,instigate,0,0,10
1671,instill,0,0,10
1672,instinctive,0,0,10
1673,institute,0,0,10
1674,instrument,0,0,10
1675,insubordinate,0,0,10
1676,instruct,0,0,10
1677,insufferable,0,0,10
1678,instrumental,0,0,10
1679,insular,0,0,10
1680,insult,0,0,10
1681,integral,0,0,10
1682,integrate,0,0,10
1683,integrity,0,0,10
1684,intelligent,0,0,10
1685,intellectual,0,0,10
1686,intelligence,0,0,10
1687,intensify,0,0,10
1688,intelligible,0,0,10
1689,intense,0,0,10
1690,intercede,0,0,10
1691,intensive,0,0,10
1692,intercept,0,0,10
1693,interest,0,0,10
1694,interfere,0,0,10
1695,interior,0,0,10
1696,interject,0,0,10
1697,interlude,0,0,10
1698,intermediary,0,0,10
1699,intermediate,0,0,10
1700,internal,0,0,10
1701,interrogate,0,0,10
1702,interrupt,0,0,10
1703,intersect,0,0,10
1704,intervene,0,0,10
1705,intimacy,0,0,10
1706,intimate,0,0,10
1707,intimidate,0,0,10
1708,intoxicate,0,0,10
1709,intrepid,0,0,10
1710,intricate,0,0,10
1711,intrude,0,0,10
1712,intrinsic,0,0,10
1713,intuition,0,0,10
1714,inure,0,0,10
1715,invade,0,0,10
1716,invalid,0,0,10
1717,invalidate,0,0,10
1718,invaluable,0,0,10
1719,inventory,0,0,10
1720,inverse,0,0,10
1721,investigate,0,0,10
1722,invert,0,0,10
1723,inviting,0,0,10
1724,invocation,0,0,10
1725,invoke,0,0,10
1726,irreconcilable,0,0,10
1727,irrelevant,0,0,10
1728,irrepressible,0,0,10
1729,irreproachable,0,0,10
1730,irresistible,0,0,10
1731,irresolute,0,0,10
1732,irreverent,0,0,10
1733,irrevocable,0,0,10
1734,irrigate,0,0,10
1735,irritable,0,0,10
1736,irritate,0,0,10
1737,isolate,0,0,10
1738,issue,0,0,10
1739,jealous,0,0,10
1740,jeer,0,0,10
1741,itinerant,0,0,10
1742,jellyfish,0,0,10
1743,jeopardy,0,0,10
1744,jerk,0,0,10
1745,jolt,0,0,10
1746,joyous,0,0,10
1747,judgement,0,0,10
1748,jumble,0,0,10
1749,junction,0,0,10
1750,justly,0,0,10
1751,jurisdiction,0,0,10
1752,juncture,0,0,10
1753,juvenile,0,0,10
1754,kidnap,0,0,10
1755,kindle,0,0,10
1756,kingdom,0,0,10
1757,knowledgeable,0,0,10
1758,justify,0,0,10
1759,labyrinth,0,0,10
1760,lament,0,0,10
1761,lag,0,0,10
1762,languid,0,0,10
1763,land,0,0,10
1764,languish,0,0,10
1765,lash,0,0,10
1766,lasting,0,0,10
1767,lately,0,0,10
1768,latitude,0,0,10
1769,laud,0,0,10
1770,laudable,0,0,10
1771,launch,0,0,10
1772,laurel,0,0,10
1773,lavish,0,0,10
1774,lawn,0,0,10
1775,lawsuit,0,0,10
1776,leading,0,0,10
1777,league,0,0,10
1778,leak,0,0,10
1779,lease,0,0,10
1780,leash,0,0,10
1781,ledge,0,0,10
1782,legacy,0,0,10
1783,legalize,0,0,10
1784,legendary,0,0,10
1785,lead,0,0,10
1786,legislate,0,0,10
1787,lethal,0,0,10
1788,levy,0,0,10
1789,liaison,0,0,10
1790,liberal,0,0,10
1791,liberate,0,0,10
1792,licenced,0,0,10
1793,limestone,0,0,10
1794,limp,0,0,10
1795,limpid,0,0,10
1796,linguistics,0,0,10
1797,listless,0,0,10
1798,liquid,0,0,10
1799,lithe,0,0,10
1800,literate,0,0,10
1801,loan,0,0,10
1802,loathe,0,0,10
1803,loath,0,0,10
1804,locate,0,0,10
1805,lofty,0,0,10
1806,log,0,0,10
1807,logical,0,0,10
1808,longitude,0,0,10
1809,loop,0,0,10
1810,loose,0,0,10
1811,loot,0,0,10
1812,lottery,0,0,10
1813,lown,0,0,10
1814,luminous,0,0,10
1815,long,0,0,10
1816,lure,0,0,10
1817,lurk,0,0,10
1818,luster,0,0,10
1819,lusty,0,0,10
1820,luxuriant,0,0,10
1821,luxurious,0,0,10
1822,lyric,0,0,10
1823,maim,0,0,10
1824,maintain,0,0,10
1825,majority,0,0,10
1826,major,0,0,10
1827,malady,0,0,10
1828,malcontent,0,0,10
1829,malevolent,0,0,10
1830,malice,0,0,10
1831,malicious,0,0,10
1832,malleable,0,0,10
1833,malign,0,0,10
1834,mammal,0,0,10
1835,mandate,0,0,10
1836,mandatory,0,0,10
1837,manoeuvre,0,0,10
1838,mangle,0,0,10
1839,manifold,0,0,10
1840,mania,0,0,10
1841,manipulate,0,0,10
1842,marble,0,0,10
1843,manure,0,0,10
1844,manufacture,0,0,10
1845,margin,0,0,10
1846,marital,0,0,10
1847,marine,0,0,10
1848,maritime,0,0,10
1849,marvelous,0,0,10
1850,mass,0,0,10
1851,massive,0,0,10
1852,massless,0,0,10
1853,mathematics,0,0,10
1854,maze,0,0,10
1855,maxim,0,0,10
1856,means,0,0,10
1857,mechanical,0,0,10
1858,mechanics,0,0,10
1859,meddle,0,0,10
1860,meander,0,0,10
1861,mediate,0,0,10
1862,mediocre,0,0,10
1863,meditate,0,0,10
1864,medium,0,0,10
1865,mean,0,0,10
1866,meek,0,0,10
1867,menial,0,0,10
1868,menace,0,0,10
1869,mend,0,0,10
1870,merchandise,0,0,10
1871,merciful,0,0,10
1872,mention,0,0,10
1873,merge,0,0,10
1874,merit,0,0,10
1875,messy,0,0,10
1876,metabolism,0,0,10
1877,methodical,0,0,10
1878,meticulously,0,0,10
1879,mighty,0,0,10
1880,mimicry,0,0,10
1881,mine,0,0,10
1882,minority,0,0,10
1883,minute,0,0,10
1884,miser,0,0,10
1885,miserable,0,0,10
1886,miserly,0,0,10
1887,misery,0,0,10
1888,misgiving,0,0,10
1889,mishap,0,0,10
1890,mitigate,0,0,10
1891,mock,0,0,10
1892,modest,0,0,10
1893,modify,0,0,10
1894,moderate,0,0,10
1895,modulate,0,0,10
1896,moist,0,0,10
1897,moisten,0,0,10
1898,mold=mould,0,0,10
1899,molecule,0,0,10
1900,mollify,0,0,10
1901,momentous,0,0,10
1902,monarch,0,0,10
1903,monitor,0,0,10
1904,monotonous,0,0,10
1905,monster,0,0,10
1906,morale,0,0,10
1907,moron,0,0,10
1908,mortal,0,0,10
1909,morbid,0,0,10
1910,mostly,0,0,10
1911,motif,0,0,10
1912,motion,0,0,10
1913,motivation,0,0,10
1914,multitude,0,0,10
1915,muddle,0,0,10
1916,munificent,0,0,10
1917,mysterious,0,0,10
1918,mutation,0,0,10
1919,mutual,0,0,10
1920,nationality,0,0,10
1921,natural,0,0,10
1922,naughty,0,0,10
1923,naval,0,0,10
1924,navigation,0,0,10
1925,needy,0,0,10
1926,nearly,0,0,10
1927,neglect,0,0,10
1928,negligent,0,0,10
1929,negligence,0,0,10
1930,negotiate,0,0,10
1931,nervous,0,0,10
1932,neutral,0,0,10
1933,neutralize,0,0,10
1934,nibble,0,0,10
1935,nimble,0,0,10
1936,nocturnal,0,0,10
1937,nominate,0,0,10
1938,nonsense,0,0,10
1939,nostalgia,0,0,10
1940,nod,0,0,10
1941,notable,0,0,10
1942,noted,0,0,10
1943,notorious,0,0,10
1944,novelty,0,0,10
1945,novice,0,0,10
1946,null,0,0,10
1947,nuclear,0,0,10
1948,numerous,0,0,10
1949,numb,0,0,10
1950,nurture,0,0,10
1951,noxious,0,0,10
1952,nutriment,0,0,10
1953,oath,0,0,10
1954,obedience,0,0,10
1955,objective,0,0,10
1956,obliging,0,0,10
1957,obligatory,0,0,10
1958,oblivion,0,0,10
1959,obscene,0,0,10
1960,obscure,0,0,10
1961,obscure,0,0,10
1962,observance,0,0,10
1963,observation,0,0,10
1964,obstinate,0,0,10
1965,obstruct,0,0,10
1966,obtain,0,0,10
1967,obvious,0,0,10
1968,odor,0,0,10
1969,occasional,0,0,10
1970,offensive,0,0,10
1971,obsolete,0,0,10
1972,obstacle,0,0,10
1973,offhand,0,0,10
1974,offspring,0,0,10
1975,onset,0,0,10
1976,observe,0,0,10
1977,operate,0,0,10
1978,opera,0,0,10
1979,operator,0,0,10
1980,opponent,0,0,10
1981,omit,0,0,10
1982,opposed,0,0,10
1983,opportunity,0,0,10
1984,optimum,0,0,10
1985,option,0,0,10
1986,opulence,0,0,10
1987,oration,0,0,10
1988,offer,0,0,10
1989,oracle,0,0,10
1990,orator,0,0,10
1991,orbit,0,0,10
1992,ordeal,0,0,10
1993,organism,0,0,10
1994,ore,0,0,10
1995,original,0,0,10
1996,originally,0,0,10
1997,originate,0,0,10
1998,orchestra,0,0,10
1999,oust,0,0,10
2000,outcome,0,0,10
2001,ornament,0,0,10
2002,outing,0,0,10
2003,output,0,0,10
2004,outrage,0,0,10
2005,outrageous,0,0,10
2006,outspoken,0,0,10
2007,outstanding,0,0,10
2008,outwit,0,0,10
2009,overbearing,0,0,10
2010,outfit,0,0,10
2011,overdue,0,0,10
2012,overflow,0,0,10
2013,oxygen,0,0,10
2014,painstaking,0,0,10
2015,pact,0,0,10
2016,palatable,0,0,10
2017,pamphlet,0,0,10
2018,panacea,0,0,10
2019,panic,0,0,10
2020,parade,0,0,10
2021,parallel,0,0,10
2022,overlook,0,0,10
2023,paraphrase,0,0,10
2024,parasite,0,0,10
2025,partially,0,0,10
2026,partial,0,0,10
2027,particle,0,0,10
2028,partisan,0,0,10
2029,passionate,0,0,10
2030,party,0,0,10
2031,patronage,0,0,10
2032,peak,0,0,10
2033,parasitic,0,0,10
2034,peck,0,0,10
2035,peerless,0,0,10
2036,penal,0,0,10
2037,penchant,0,0,10
2038,pending,0,0,10
2039,peninsula,0,0,10
2040,pensive,0,0,10
2041,penetrate,0,0,10
2042,penury,0,0,10
2043,perceptive,0,0,10
2044,perceive,0,0,10
2045,percussion,0,0,10
2046,perennial,0,0,10
2047,perfect,0,0,10
2048,peril,0,0,10
2049,perilous,0,0,10
2050,permanent,0,0,10
2051,permissible,0,0,10
2052,permeate,0,0,10
2053,permissive,0,0,10
2054,permit,0,0,10
2055,perpetuate,0,0,10
2056,perplex,0,0,10
2057,persevere,0,0,10
2058,persistent,0,0,10
2059,personnel,0,0,10
2060,perspective,0,0,10
2061,persuasive,0,0,10
2062,pervade,0,0,10
2063,pervert,0,0,10
2064,pertinent,0,0,10
2065,petition,0,0,10
2066,petrify,0,0,10
2067,phonetics,0,0,10
2068,phase,0,0,10
2069,picturesque,0,0,10
2070,pierce,0,0,10
2071,pilferage,0,0,10
2072,pious,0,0,10
2073,pit,0,0,10
2074,pivot,0,0,10
2075,pitiful,0,0,10
2076,pivotal,0,0,10
2077,placate,0,0,10
2078,placid,0,0,10
2079,plague,0,0,10
2080,plaintiff,0,0,10
2081,planet,0,0,10
2082,plateau,0,0,10
2083,plausible,0,0,10
2084,plea,0,0,10
2085,pleasing,0,0,10
2086,plead,0,0,10
2087,pleasure,0,0,10
2088,playwright,0,0,10
2089,pledge,0,0,10
2090,plight,0,0,10
2091,plot,0,0,10
2092,plumb,0,0,10
2093,plunge,0,0,10
2094,poise,0,0,10
2095,pollute,0,0,10
2096,ponder,0,0,10
2097,ponderous,0,0,10
2098,portable,0,0,10
2099,portion,0,0,10
2100,portrait,0,0,10
2101,portray,0,0,10
2102,pose,0,0,10
2103,positive,0,0,10
2104,posterity,0,0,10
2105,postpone,0,0,10
2106,posture,0,0,10
2107,potent,0,0,10
2108,potential,0,0,10
2109,poultry,0,0,10
2110,practical,0,0,10
2111,preach,0,0,10
2112,precede,0,0,10
2113,precious,0,0,10
2114,precipitate,0,0,10
2115,precise,0,0,10
2116,preclude,0,0,10
2117,precursor,0,0,10
2118,preeminent,0,0,10
2119,preferable,0,0,10
2120,predominate,0,0,10
2121,preference,0,0,10
2122,pregnant,0,0,10
2123,prelude,0,0,10
2124,premise,0,0,10
2125,pressure,0,0,10
2126,prescription,0,0,10
2127,preserve,0,0,10
2128,prestige,0,0,10
2129,presume,0,0,10
2130,presumptuous,0,0,10
2131,presumption,0,0,10
2132,pretend,0,0,10
2133,pretentious,0,0,10
2134,prevail,0,0,10
2135,prevalent,0,0,10
2136,prevent,0,0,10
2137,previous,0,0,10
2138,primary,0,0,10
2139,primitive,0,0,10
2140,principal,0,0,10
2141,privilege,0,0,10
2142,probe,0,0,10
2143,probity,0,0,10
2144,proceed,0,0,10
2145,process,0,0,10
2146,proclaim,0,0,10
2147,prod,0,0,10
2148,prodigal,0,0,10
2149,prodigious,0,0,10
2150,profane,0,0,10
2151,profile,0,0,10
2152,profoundly,0,0,10
2153,profess,0,0,10
2154,profuse,0,0,10
2155,prolific,0,0,10
2156,proliferate,0,0,10
2157,progress,0,0,10
2158,prolong,0,0,10
2159,prominent,0,0,10
2160,promising,0,0,10
2161,promote,0,0,10
2162,prompt,0,0,10
2163,pronounced,0,0,10
2164,prone,0,0,10
2165,propagate,0,0,10
2166,prop,0,0,10
2167,propel,0,0,10
2168,propensity,0,0,10
2169,proportion,0,0,10
2170,proposal,0,0,10
2171,propriety,0,0,10
2172,propose,0,0,10
2173,proscribe,0,0,10
2174,prospect,0,0,10
2175,prospective,0,0,10
2176,prosecute,0,0,10
2177,prosperous,0,0,10
2178,prosperity,0,0,10
2179,protein,0,0,10
2180,protract,0,0,10
2181,protrude,0,0,10
2182,provide,0,0,10
2183,provident,0,0,10
2184,provision,0,0,10
2185,provoke,0,0,10
2186,proxy,0,0,10
2187,proximity,0,0,10
2188,prudent,0,0,10
2189,prune,0,0,10
2190,puddle,0,0,10
2191,punctual,0,0,10
2192,punch,0,0,10
2193,pungent,0,0,10
2194,purchase,0,0,10
2195,purge,0,0,10
2196,qualified,0,0,10
2197,quantitative,0,0,10
2198,quality,0,0,10
2199,quarter,0,0,10
2200,quartz,0,0,10
2201,queer,0,0,10
2202,quell,0,0,10
2203,query,0,0,10
2204,quiver,0,0,10
2205,quota,0,0,10
2206,radiate,0,0,10
2207,radical,0,0,10
2208,rage,0,0,10
2209,ragged,0,0,10
2210,radius,0,0,10
2211,raid,0,0,10
2212,rally,0,0,10
2213,ransom,0,0,10
2214,rap,0,0,10
2215,rapacious,0,0,10
2216,rapture,0,0,10
2217,rashly,0,0,10
2218,raise,0,0,10
2219,ratify,0,0,10
2220,ratio,0,0,10
2221,ration,0,0,10
2222,rank,0,0,10
2223,rational,0,0,10
2224,ravage,0,0,10
2225,ravenous,0,0,10
2226,ravish,0,0,10
2227,ray,0,0,10
2228,raze,0,0,10
2229,realize,0,0,10
2230,realm,0,0,10
2231,reason,0,0,10
2232,rebate,0,0,10
2233,rebel,0,0,10
2234,rebellion,0,0,10
2235,readily,0,0,10
2236,rebuke,0,0,10
2237,recall,0,0,10
2238,recently,0,0,10
2239,reception,0,0,10
2240,recipient,0,0,10
2241,reciprocal,0,0,10
2242,reckless,0,0,10
2243,recluse,0,0,10
2244,recognition,0,0,10
2245,recognize,0,0,10
2246,recoil,0,0,10
2247,recollection,0,0,10
2248,recommend,0,0,10
2249,reconcile,0,0,10
2250,reconciliation,0,0,10
2251,recover,0,0,10
2252,recreation,0,0,10
2253,recruit,0,0,10
2254,rectangle,0,0,10
2255,redress,0,0,10
2256,reduce,0,0,10
2257,redeem,0,0,10
2258,redundant,0,0,10
2259,refer,0,0,10
2260,refined,0,0,10
2261,reform,0,0,10
2262,reflection,0,0,10
2263,refresh,0,0,10
2264,refuge,0,0,10
2265,refund,0,0,10
2266,refute,0,0,10
2267,register,0,0,10
2268,regimen,0,0,10
2269,rehabilitate,0,0,10
2270,rehearse,0,0,10
2271,reign,0,0,10
2272,reimburse,0,0,10
2273,reinforce,0,0,10
2274,reiterate,0,0,10
2275,reject,0,0,10
2276,relapse,0,0,10
2277,relax,0,0,10
2278,relevant,0,0,10
2279,reliable,0,0,10
2280,relieved,0,0,10
2281,religion,0,0,10
2282,relinquish,0,0,10
2283,reluctant,0,0,10
2284,remarkable,0,0,10
2285,remedy,0,0,10
2286,relentless,0,0,10
2287,remind,0,0,10
2288,remnant,0,0,10
2289,remit,0,0,10
2290,remote,0,0,10
2291,renaissance,0,0,10
2292,remove,0,0,10
2293,rend,0,0,10
2294,render,0,0,10
2295,renounce,0,0,10
2296,renovate,0,0,10
2297,renowned,0,0,10
2298,replenish,0,0,10
2299,repel,0,0,10
2300,reproach,0,0,10
2301,reproduction,0,0,10
2302,repudiate,0,0,10
2303,repulse,0,0,10
2304,repulsive,0,0,10
2305,rescue,0,0,10
2306,resemble,0,0,10
2307,resent,0,0,10
2308,reside,0,0,10
2309,resident,0,0,10
2310,residue,0,0,10
2311,resist,0,0,10
2312,resolute,0,0,10
2313,resolve,0,0,10
2314,resolved,0,0,10
2315,respective,0,0,10
2316,resonance,0,0,10
2317,respiration,0,0,10
2318,responsible,0,0,10
2319,restore,0,0,10
2320,restrain,0,0,10
2321,restrict,0,0,10
2322,resume,0,0,10
2323,retain,0,0,10
2324,retard,0,0,10
2325,retract,0,0,10
2326,retort,0,0,10
2327,retrieve,0,0,10
2328,revelation,0,0,10
2329,reveal,0,0,10
2330,revenue,0,0,10
2331,revere,0,0,10
2332,reverence,0,0,10
2333,revert,0,0,10
2334,revise,0,0,10
2335,revive,0,0,10
2336,revoke,0,0,10
2337,riddle,0,0,10
2338,ridiculous,0,0,10
2339,rigid,0,0,10
2340,rigor,0,0,10
2341,rigorous,0,0,10
2342,rim,0,0,10
2343,riot,0,0,10
2344,ripe,0,0,10
2345,rite,0,0,10
2346,risk,0,0,10
2347,rival,0,0,10
2348,robust,0,0,10
2349,role,0,0,10
2350,roll,0,0,10
2351,rot,0,0,10
2352,rotten,0,0,10
2353,rough,0,0,10
2354,routine,0,0,10
2355,rubbish,0,0,10
2356,rudimentary,0,0,10
2357,rugged,0,0,10
2358,rumble,0,0,10
2359,ruminate,0,0,10
2360,rust,0,0,10
2361,rupture,0,0,10
2362,rustic,0,0,10
2363,ruthless,0,0,10
2364,saddle,0,0,10
2365,sake,0,0,10
2366,salvage,0,0,10
2367,sample,0,0,10
2368,sane,0,0,10
2369,sanity,0,0,10
2370,sarcastic,0,0,10
2371,sardonic,0,0,10
2372,sarcasm,0,0,10
2373,satiate,0,0,10
2374,satire,0,0,10
2375,satirical,0,0,10
2376,satisfactory,0,0,10
2377,saturate,0,0,10
2378,savings,0,0,10
2379,save,0,0,10
2380,scan,0,0,10
2381,savor,0,0,10
2382,scale,0,0,10
2383,scandal,0,0,10
2384,scanty,0,0,10
2385,scarce,0,0,10
2386,scare,0,0,10
2387,scatter,0,0,10
2388,schedule,0,0,10
2389,scenery,0,0,10
2390,scholarship,0,0,10
2391,scorch,0,0,10
2392,scoop,0,0,10
2393,scope,0,0,10
2394,scornful,0,0,10
2395,scout,0,0,10
2396,scrap,0,0,10
2397,scratch,0,0,10
2398,screen,0,0,10
2399,scruple,0,0,10
2400,scrupulous,0,0,10
2401,sculpture,0,0,10
2402,scrutinize,0,0,10
2403,sear,0,0,10
2404,seasoning,0,0,10
2405,seclusion,0,0,10
2406,secrete,0,0,10
2407,secretion,0,0,10
2408,sedate,0,0,10
2409,sediment,0,0,10
2410,seemingly,0,0,10
2411,segregate,0,0,10
2412,segment,0,0,10
2413,seize,0,0,10
2414,selection,0,0,10
2415,selfish,0,0,10
2416,semester,0,0,10
2417,sensible,0,0,10
2418,sensitive,0,0,10
2419,sensuous,0,0,10
2420,sentimental,0,0,10
2421,sequence,0,0,10
2422,serene,0,0,10
2423,serenity,0,0,10
2424,serious,0,0,10
2425,session,0,0,10
2426,sermon,0,0,10
2427,sever,0,0,10
2428,shabby,0,0,10
2429,severe,0,0,10
2430,shackle,0,0,10
2431,shade,0,0,10
2432,shaft,0,0,10
2433,shake,0,0,10
2434,sallow,0,0,10
2435,shameless,0,0,10
2436,sharpen,0,0,10
2437,shatter,0,0,10
2438,sheathe,0,0,10
2439,shear,0,0,10
2440,sheer,0,0,10
2441,shield,0,0,10
2442,shipment,0,0,10
2443,shove,0,0,10
2444,shrewd,0,0,10
2445,shrink,0,0,10
2446,shuffle,0,0,10
2447,shun,0,0,10
2448,sick,0,0,10
2449,shy,0,0,10
2450,sicken,0,0,10
2451,siege,0,0,10
2452,sigh,0,0,10
2453,significant,0,0,10
2454,signify,0,0,10
2455,silica,0,0,10
2456,silly,0,0,10
2457,simulate,0,0,10
2458,simultaneously,0,0,10
2459,sin,0,0,10
2460,singe,0,0,10
2461,sinister,0,0,10
2462,site,0,0,10
2463,skeptic,0,0,10
2464,skeptical,0,0,10
2465,sketch,0,0,10
2466,skillful,0,0,10
2467,skim,0,0,10
2468,skimpy,0,0,10
2469,slacken,0,0,10
2470,slag,0,0,10
2471,slander,0,0,10
2472,slant,0,0,10
2473,slap,0,0,10
2474,slight,0,0,10
2475,slippery,0,0,10
2476,slim,0,0,10
2477,slogan,0,0,10
2478,slope,0,0,10
2479,slovenly,0,0,10
2480,sloppy,0,0,10
2481,slug,0,0,10
2482,sluggish,0,0,10
2483,slump,0,0,10
2484,sly,0,0,10
2485,smash,0,0,10
2486,smear,0,0,10
2487,smell,0,0,10
2488,smother,0,0,10
2489,snap,0,0,10
2490,snag,0,0,10
2491,sneak,0,0,10
2492,sneer,0,0,10
2493,snobbish,0,0,10
2494,sober,0,0,10
2495,sociable,0,0,10
2496,sojourn,0,0,10
2497,solar,0,0,10
2498,sole,0,0,10
2499,solemn,0,0,10
2500,solicit,0,0,10
2501,solicitous,0,0,10
2502,solidly,0,0,10
2503,solitary,0,0,10
2504,solitude,0,0,10
2505,somewhat,0,0,10
2506,soothe,0,0,10
2507,souvenir,0,0,10
2508,spaceship,0,0,10
2509,sovereignty,0,0,10
2510,spacious,0,0,10
2511,spawn,0,0,10
2512,specify,0,0,10
2513,specimen,0,0,10
2514,spectacle,0,0,10
2515,spectacular,0,0,10
2516,spectator,0,0,10
2517,speculate,0,0,10
2518,spew,0,0,10
2519,speedy,0,0,10
2520,sphere,0,0,10
2521,spine,0,0,10
2522,spineless,0,0,10
2523,splash,0,0,10
2524,spleen,0,0,10
2525,splendid,0,0,10
2526,splendor,0,0,10
2527,spoil,0,0,10
2528,sporadic,0,0,10
2529,spontaneous,0,0,10
2530,spot,0,0,10
2531,spouse,0,0,10
2532,spout,0,0,10
2533,sprawl,0,0,10
2534,spray,0,0,10
2535,spring,0,0,10
2536,sprout,0,0,10
2537,spurt,0,0,10
2538,squabble,0,0,10
2539,squad,0,0,10
2540,squander,0,0,10
2541,square,0,0,10
2542,squash,0,0,10
2543,squeak,0,0,10
2544,squeeze,0,0,10
2545,stab,0,0,10
2546,stable,0,0,10
2547,staff,0,0,10
2548,stale,0,0,10
2549,stagger,0,0,10
2550,stalk,0,0,10
2551,stall,0,0,10
2552,stamina,0,0,10
2553,startle,0,0,10
2554,static,0,0,10
2555,starve,0,0,10
2556,stationary,0,0,10
2557,stationery,0,0,10
2558,statistics,0,0,10
2559,statue,0,0,10
2560,status,0,0,10
2561,steadfast,0,0,10
2562,stand,0,0,10
2563,steady,0,0,10
2564,sterile,0,0,10
2565,stern,0,0,10
2566,sticky,0,0,10
2567,stiff,0,0,10
2568,still,0,0,10
2569,stimulate,0,0,10
2570,stingy,0,0,10
2571,stipulate,0,0,10
2572,stocky,0,0,10
2573,stodgy,0,0,10
2574,stout,0,0,10
2575,strain,0,0,10
2576,strait,0,0,10
2577,strap,0,0,10
2578,stray,0,0,10
2579,strenuous,0,0,10
2580,strengthen,0,0,10
2581,stride,0,0,10
2582,strife,0,0,10
2583,stringent,0,0,10
2584,strip,0,0,10
2585,strive,0,0,10
2586,stroll,0,0,10
2587,stubborn,0,0,10
2588,stuffy,0,0,10
2589,stun,0,0,10
2590,stunt,0,0,10
2591,stunt,0,0,10
2592,sturdy,0,0,10
2593,subjection,0,0,10
2594,sublimate,0,0,10
2595,submerge,0,0,10
2596,submission,0,0,10
2597,submissive,0,0,10
2598,submit,0,0,10
2599,subordinate,0,0,10
2600,subsequent,0,0,10
2601,subsidiary,0,0,10
2602,subsist,0,0,10
2603,substantial,0,0,10
2604,substantiate,0,0,10
2605,substantive,0,0,10
2606,subtract,0,0,10
2607,subvert,0,0,10
2608,succinct,0,0,10
2609,successive,0,0,10
2610,successful,0,0,10
2611,succumb,0,0,10
2612,sufficient,0,0,10
2613,suffuse,0,0,10
2614,suggest,0,0,10
2615,suitable,0,0,10
2616,sullen,0,0,10
2617,sum,0,0,10
2618,superb,0,0,10
2619,summit,0,0,10
2620,summon,0,0,10
2621,superficial,0,0,10
2622,superintendent,0,0,10
2623,supersede,0,0,10
2624,superstition,0,0,10
2625,supplant,0,0,10
2626,supple,0,0,10
2627,suppose,0,0,10
2628,supreme,0,0,10
2629,surmise,0,0,10
2630,surpass,0,0,10
2631,surmount,0,0,10
2632,surplus,0,0,10
2633,survey,0,0,10
2634,survive,0,0,10
2635,susceptible,0,0,10
2636,suspect,0,0,10
2637,suspense,0,0,10
2638,suspicion,0,0,10
2639,suspicious,0,0,10
2640,sustain,0,0,10
2641,sustenance,0,0,10
2642,swarm,0,0,10
2643,swell,0,0,10
2644,swift,0,0,10
2645,symbol,0,0,10
2646,symmetry,0,0,10
2647,sympathetic,0,0,10
2648,symptom,0,0,10
2649,synchronize,0,0,10
2650,synopsis,0,0,10
2651,synthetic,0,0,10
2652,tacit,0,0,10
2653,tackle,0,0,10
2654,tact,0,0,10
2655,tactics,0,0,10
2656,tag,0,0,10
2657,talent,0,0,10
2658,tamper,0,0,10
2659,tally,0,0,10
2660,tangible,0,0,10
2661,tantalize,0,0,10
2662,tangle,0,0,10
2663,tardy,0,0,10
2664,tarnish,0,0,10
2665,taste,0,0,10
2666,taunt,0,0,10
2667,tease,0,0,10
2668,tedious,0,0,10
2669,teem,0,0,10
2670,temperament,0,0,10
2671,temperance,0,0,10
2672,temperate,0,0,10
2673,temperature,0,0,10
2674,temporal,0,0,10
2675,temporary,0,0,10
2676,tenant,0,0,10
2677,tempt,0,0,10
2678,tenacious,0,0,10
2679,tendency,0,0,10
2680,tender,0,0,10
2681,tentative,0,0,10
2682,tense,0,0,10
2683,tenuous,0,0,10
2684,tepid,0,0,10
2685,terminate,0,0,10
2686,terrify,0,0,10
2687,terror,0,0,10
2688,testify,0,0,10
2689,testimony,0,0,10
2690,textile,0,0,10
2691,thaw,0,0,10
2692,theft,0,0,10
2693,theoretical,0,0,10
2694,thermometer,0,0,10
2695,thesis,0,0,10
2696,threshold,0,0,10
2697,threaten,0,0,10
2698,thrift,0,0,10
2699,thrive,0,0,10
2700,throng,0,0,10
2701,thump,0,0,10
2702,thrust,0,0,10
2703,tide,0,0,10
2704,tilted,0,0,10
2705,timber,0,0,10
2706,timid,0,0,10
2707,tingle,0,0,10
2708,tint,0,0,10
2709,tiny,0,0,10
2710,tip,0,0,10
2711,tissue,0,0,10
2712,titanic,0,0,10
2713,toe,0,0,10
2714,tolerable,0,0,10
2715,tolerate,0,0,10
2716,toll,0,0,10
2717,torpid,0,0,10
2718,torment,0,0,10
2719,torturous,0,0,10
2720,touching,0,0,10
2721,touchy,0,0,10
2722,tow,0,0,10
2723,tower,0,0,10
2724,trace,0,0,10
2725,tractable,0,0,10
2726,trait,0,0,10
2727,tragedy,0,0,10
2728,traitor,0,0,10
2729,trample,0,0,10
2730,tranquil,0,0,10
2731,transact,0,0,10
2732,transaction,0,0,10
2733,transcend,0,0,10
2734,transcript,0,0,10
2735,transfix,0,0,10
2736,transform,0,0,10
2737,transient,0,0,10
2738,transition,0,0,10
2739,transitory,0,0,10
2740,transparent,0,0,10
2741,transpire,0,0,10
2742,trash,0,0,10
2743,trap,0,0,10
2744,traverse,0,0,10
2745,treason,0,0,10
2746,treatment,0,0,10
2747,tremendous,0,0,10
2748,tremble,0,0,10
2749,tremor,0,0,10
2750,trend,0,0,10
2751,trepidation,0,0,10
2752,trial,0,0,10
2753,triangle,0,0,10
2754,trickle,0,0,10
2755,trifling,0,0,10
2756,trivial,0,0,10
2757,trot,0,0,10
2758,triumph,0,0,10
2759,trudge,0,0,10
2760,trying,0,0,10
2761,tug,0,0,10
2762,turbulent,0,0,10
2763,turmoil,0,0,10
2764,twig,0,0,10
2765,typical,0,0,10
2766,unanimity,0,0,10
2767,unbiased,0,0,10
2768,unanimous,0,0,10
2769,unbecoming,0,0,10
2770,unblemished,0,0,10
2771,unconscious,0,0,10
2772,uncanny,0,0,10
2773,unconventional,0,0,10
2774,undaunted,0,0,10
2775,underestimate,0,0,10
2776,undertaking,0,0,10
2777,undo,0,0,10
2778,unearth,0,0,10
2779,unfair,0,0,10
2780,unfortunately,0,0,10
2781,universe,0,0,10
2782,universal,0,0,10
2783,unique,0,0,10
2784,unruly,0,0,10
2785,unseemly,0,0,10
2786,unshaken,0,0,10
2787,unveil,0,0,10
2788,uphold,0,0,10
2789,upright,0,0,10
2790,uprising,0,0,10
2791,uproar,0,0,10
2792,urban,0,0,10
2793,upset,0,0,10
2794,urge,0,0,10
2795,urgent,0,0,10
2796,useless,0,0,10
2797,utility,0,0,10
2798,utilize,0,0,10
2799,vacuum,0,0,10
2800,vague,0,0,10
2801,valiant,0,0,10
2802,valid,0,0,10
2803,valor,0,0,10
2804,vanish,0,0,10
2805,vanity,0,0,10
2806,vanquish,0,0,10
2807,variable,0,0,10
2808,variant,0,0,10
2809,variation,0,0,10
2810,various,0,0,10
2811,varnish,0,0,10
2812,vary,0,0,10
2813,vast,0,0,10
2814,vault,0,0,10
2815,veer,0,0,10
2816,vehemence,0,0,10
2817,vehement,0,0,10
2818,vein,0,0,10
2819,venerate,0,0,10
2820,ventilation,0,0,10
2821,venture,0,0,10
2822,verdict,0,0,10
2823,verify,0,0,10
2824,versatile,0,0,10
2825,verse,0,0,10
2826,version,0,0,10
2827,vertical,0,0,10
2828,vestige,0,0,10
2829,veteran,0,0,10
2830,veto,0,0,10
2831,vibration,0,0,10
2832,vigilant,0,0,10
2833,vex,0,0,10
2834,vigor,0,0,10
2835,vigorous,0,0,10
2836,vindicate,0,0,10
2837,violate,0,0,10
2838,violation,0,0,10
2839,violent,0,0,10
2840,virtually,0,0,10
2841,virtue,0,0,10
2842,virtuous,0,0,10
2843,vital,0,0,10
2844,vivid,0,0,10
2845,vocation,0,0,10
2846,volcano,0,0,10
2847,void,0,0,10
2848,vogue,0,0,10
2849,volume,0,0,10
2850,voluntary,0,0,10
2851,volunteer,0,0,10
2852,vote,0,0,10
2853,vulgar,0,0,10
2854,vulgarity,0,0,10
2855,vulnerable,0,0,10
2856,wag,0,0,10
2857,wade,0,0,10
2858,wand,0,0,10
2859,wane,0,0,10
2860,ware,0,0,10
2861,warily,0,0,10
2862,warrant,0,0,10
2863,warn,0,0,10
2864,warranty,0,0,10
2865,wary,0,0,10
2866,waver,0,0,10
2867,watch,0,0,10
2868,weird,0,0,10
2869,weather,0,0,10
2870,welfare,0,0,10
2871,wheedle,0,0,10
2872,whim,0,0,10
2873,whir,0,0,10
2874,whit,0,0,10
2875,wholesome,0,0,10
2876,wield,0,0,10
2877,wistful,0,0,10
2878,withdraw,0,0,10
2879,wit,0,0,10
2880,wither,0,0,10
2881,witness,0,0,10
2882,witty,0,0,10
2883,worldly,0,0,10
2884,worthy,0,0,10
2885,wrath,0,0,10
2886,wry,0,0,10
2887,wring,0,0,10
2888,yell,0,0,10
2889,yelp,0,0,10
2890,yen,0,0,10
2891,zealot,0,0,10
2892,zealous,0,0,10
2893,zest,0,0,10
2894,zone,0,0,10
